GP,Circuit,PitstopT,Driver,Year
Australian Grand Prix,Australian Grand Prix,20.333,GAS,2019
Australian Grand Prix,Australian Grand Prix,20.726,PER,2019
Australian Grand Prix,Australian Grand Prix,21.765,LEC,2019
Australian Grand Prix,Australian Grand Prix,22.339,STR,2019
Australian Grand Prix,Australian Grand Prix,22.482,MAG,2019
Australian Grand Prix,Australian Grand Prix,21.43,ALB,2019
Australian Grand Prix,Australian Grand Prix,21.965,KVY,2019
Australian Grand Prix,Australian Grand Prix,21.715,HUL,2019
Australian Grand Prix,Australian Grand Prix,33.284,RIC,2019
Australian Grand Prix,Australian Grand Prix,,RIC,2019
Australian Grand Prix,Australian Grand Prix,20.85,VER,2019
Australian Grand Prix,Australian Grand Prix,21.442,NOR,2019
Australian Grand Prix,Australian Grand Prix,21.01,HAM,2019
Australian Grand Prix,Australian Grand Prix,24.215,VET,2019
Australian Grand Prix,Australian Grand Prix,21.734,RUS,2019
Australian Grand Prix,Australian Grand Prix,21.155,RUS,2019
Australian Grand Prix,Australian Grand Prix,23.029,RAI,2019
Australian Grand Prix,Australian Grand Prix,22.07,BOT,2019
Australian Grand Prix,Australian Grand Prix,30.141,GRO,2019
Australian Grand Prix,Australian Grand Prix,32.648,KUB,2019
Australian Grand Prix,Australian Grand Prix,22.615,KUB,2019
Australian Grand Prix,Australian Grand Prix,21.897,KUB,2019
Australian Grand Prix,Australian Grand Prix,27.142,GIO,2019
Bahrain Grand Prix,Bahrain Grand Prix,27.195,GAS,2019
Bahrain Grand Prix,Bahrain Grand Prix,24.578,GAS,2019
Bahrain Grand Prix,Bahrain Grand Prix,27.144,PER,2019
Bahrain Grand Prix,Bahrain Grand Prix,26.816,PER,2019
Bahrain Grand Prix,Bahrain Grand Prix,24.508,LEC,2019
Bahrain Grand Prix,Bahrain Grand Prix,24.362,LEC,2019
Bahrain Grand Prix,Bahrain Grand Prix,34.313,STR,2019
Bahrain Grand Prix,Bahrain Grand Prix,26.6,STR,2019
Bahrain Grand Prix,Bahrain Grand Prix,24.957,MAG,2019
Bahrain Grand Prix,Bahrain Grand Prix,26.002,MAG,2019
Bahrain Grand Prix,Bahrain Grand Prix,25.543,ALB,2019
Bahrain Grand Prix,Bahrain Grand Prix,24.8,ALB,2019
Bahrain Grand Prix,Bahrain Grand Prix,26.437,KVY,2019
Bahrain Grand Prix,Bahrain Grand Prix,30.9,KVY,2019
Bahrain Grand Prix,Bahrain Grand Prix,25.497,HUL,2019
Bahrain Grand Prix,Bahrain Grand Prix,25.274,HUL,2019
Bahrain Grand Prix,Bahrain Grand Prix,25.651,RIC,2019
Bahrain Grand Prix,Bahrain Grand Prix,24.535,VER,2019
Bahrain Grand Prix,Bahrain Grand Prix,26.82,VER,2019
Bahrain Grand Prix,Bahrain Grand Prix,24.127,NOR,2019
Bahrain Grand Prix,Bahrain Grand Prix,24.749,NOR,2019
Bahrain Grand Prix,Bahrain Grand Prix,24.235,HAM,2019
Bahrain Grand Prix,Bahrain Grand Prix,24.33,HAM,2019
Bahrain Grand Prix,Bahrain Grand Prix,24.42,VET,2019
Bahrain Grand Prix,Bahrain Grand Prix,24.202,VET,2019
Bahrain Grand Prix,Bahrain Grand Prix,33.384,VET,2019
Bahrain Grand Prix,Bahrain Grand Prix,45.467,SAI,2019
Bahrain Grand Prix,Bahrain Grand Prix,25.023,SAI,2019
Bahrain Grand Prix,Bahrain Grand Prix,24.997,SAI,2019
Bahrain Grand Prix,Bahrain Grand Prix,,SAI,2019
Bahrain Grand Prix,Bahrain Grand Prix,25.379,RUS,2019
Bahrain Grand Prix,Bahrain Grand Prix,25.004,RUS,2019
Bahrain Grand Prix,Bahrain Grand Prix,25.524,RAI,2019
Bahrain Grand Prix,Bahrain Grand Prix,25.506,RAI,2019
Bahrain Grand Prix,Bahrain Grand Prix,24.863,BOT,2019
Bahrain Grand Prix,Bahrain Grand Prix,24.407,BOT,2019
Bahrain Grand Prix,Bahrain Grand Prix,31.971,GRO,2019
Bahrain Grand Prix,Bahrain Grand Prix,,GRO,2019
Bahrain Grand Prix,Bahrain Grand Prix,24.49,KUB,2019
Bahrain Grand Prix,Bahrain Grand Prix,24.593,KUB,2019
Bahrain Grand Prix,Bahrain Grand Prix,27.747,GIO,2019
Bahrain Grand Prix,Bahrain Grand Prix,24.785,GIO,2019
Chinese Grand Prix,Chinese Grand Prix,22.807,HAM,2019
Chinese Grand Prix,Chinese Grand Prix,23.817,HAM,2019
Chinese Grand Prix,Chinese Grand Prix,22.196,BOT,2019
Chinese Grand Prix,Chinese Grand Prix,24.279,BOT,2019
Chinese Grand Prix,Chinese Grand Prix,22.093,VET,2019
Chinese Grand Prix,Chinese Grand Prix,22.508,VET,2019
Chinese Grand Prix,Chinese Grand Prix,23.451,VER,2019
Chinese Grand Prix,Chinese Grand Prix,22.631,VER,2019
Chinese Grand Prix,Chinese Grand Prix,23.171,LEC,2019
Chinese Grand Prix,Chinese Grand Prix,24.217,LEC,2019
Chinese Grand Prix,Chinese Grand Prix,22.311,GAS,2019
Chinese Grand Prix,Chinese Grand Prix,22.461,GAS,2019
Chinese Grand Prix,Chinese Grand Prix,22.408,GAS,2019
Chinese Grand Prix,Chinese Grand Prix,23.492,RIC,2019
Chinese Grand Prix,Chinese Grand Prix,23.707,PER,2019
Chinese Grand Prix,Chinese Grand Prix,23.673000000000002,RAI,2019
Chinese Grand Prix,Chinese Grand Prix,23.026,ALB,2019
Chinese Grand Prix,Chinese Grand Prix,22.938,GRO,2019
Chinese Grand Prix,Chinese Grand Prix,23.719,GRO,2019
Chinese Grand Prix,Chinese Grand Prix,23.474,STR,2019
Chinese Grand Prix,Chinese Grand Prix,23.758,STR,2019
Chinese Grand Prix,Chinese Grand Prix,23.932,MAG,2019
Chinese Grand Prix,Chinese Grand Prix,23.321,MAG,2019
Chinese Grand Prix,Chinese Grand Prix,45.937,SAI,2019
Chinese Grand Prix,Chinese Grand Prix,22.132,SAI,2019
Chinese Grand Prix,Chinese Grand Prix,25.085,GIO,2019
Chinese Grand Prix,Chinese Grand Prix,24.971,GIO,2019
Chinese Grand Prix,Chinese Grand Prix,24.193,RUS,2019
Chinese Grand Prix,Chinese Grand Prix,24.056,RUS,2019
Chinese Grand Prix,Chinese Grand Prix,32.13,KUB,2019
Chinese Grand Prix,Chinese Grand Prix,50.735,NOR,2019
Chinese Grand Prix,Chinese Grand Prix,33.63,NOR,2019
Chinese Grand Prix,Chinese Grand Prix,22.999,NOR,2019
Chinese Grand Prix,Chinese Grand Prix,,NOR,2019
Chinese Grand Prix,Chinese Grand Prix,17.029,KVY,2019
Chinese Grand Prix,Chinese Grand Prix,26.272,KVY,2019
Chinese Grand Prix,Chinese Grand Prix,42.873,KVY,2019
Chinese Grand Prix,Chinese Grand Prix,,KVY,2019
Chinese Grand Prix,Chinese Grand Prix,24.172,HUL,2019
Chinese Grand Prix,Chinese Grand Prix,,HUL,2019
Azerbaijan Grand Prix,Azerbaijan Grand Prix,21.145,PER,2019
Azerbaijan Grand Prix,Azerbaijan Grand Prix,20.278,LEC,2019
Azerbaijan Grand Prix,Azerbaijan Grand Prix,19.998,LEC,2019
Azerbaijan Grand Prix,Azerbaijan Grand Prix,22.931,STR,2019
Azerbaijan Grand Prix,Azerbaijan Grand Prix,20.099,MAG,2019
Azerbaijan Grand Prix,Azerbaijan Grand Prix,20.75,MAG,2019
Azerbaijan Grand Prix,Azerbaijan Grand Prix,20.5,ALB,2019
Azerbaijan Grand Prix,Azerbaijan Grand Prix,20.948,KVY,2019
Azerbaijan Grand Prix,Azerbaijan Grand Prix,,KVY,2019
Azerbaijan Grand Prix,Azerbaijan Grand Prix,21.202,HUL,2019
Azerbaijan Grand Prix,Azerbaijan Grand Prix,20.723,HUL,2019
Azerbaijan Grand Prix,Azerbaijan Grand Prix,21.331,RIC,2019
Azerbaijan Grand Prix,Azerbaijan Grand Prix,,RIC,2019
Azerbaijan Grand Prix,Azerbaijan Grand Prix,20.979,VER,2019
Azerbaijan Grand Prix,Azerbaijan Grand Prix,19.813,NOR,2019
Azerbaijan Grand Prix,Azerbaijan Grand Prix,22.06,NOR,2019
Azerbaijan Grand Prix,Azerbaijan Grand Prix,20.615,HAM,2019
Azerbaijan Grand Prix,Azerbaijan Grand Prix,19.926,VET,2019
Azerbaijan Grand Prix,Azerbaijan Grand Prix,19.736,SAI,2019
Azerbaijan Grand Prix,Azerbaijan Grand Prix,20.38,RUS,2019
Azerbaijan Grand Prix,Azerbaijan Grand Prix,20.701999999999998,RUS,2019
Azerbaijan Grand Prix,Azerbaijan Grand Prix,21.367,RAI,2019
Azerbaijan Grand Prix,Azerbaijan Grand Prix,20.143,BOT,2019
Azerbaijan Grand Prix,Azerbaijan Grand Prix,20.539,GRO,2019
Azerbaijan Grand Prix,Azerbaijan Grand Prix,,GRO,2019
Azerbaijan Grand Prix,Azerbaijan Grand Prix,14.802,KUB,2019
Azerbaijan Grand Prix,Azerbaijan Grand Prix,21.03,KUB,2019
Azerbaijan Grand Prix,Azerbaijan Grand Prix,20.714,KUB,2019
Azerbaijan Grand Prix,Azerbaijan Grand Prix,21.204,GIO,2019
Spanish Grand Prix,Spanish Grand Prix,22.727,GAS,2019
Spanish Grand Prix,Spanish Grand Prix,22.08,GAS,2019
Spanish Grand Prix,Spanish Grand Prix,22.746,PER,2019
Spanish Grand Prix,Spanish Grand Prix,22.808,PER,2019
Spanish Grand Prix,Spanish Grand Prix,23.623,LEC,2019
Spanish Grand Prix,Spanish Grand Prix,21.424,LEC,2019
Spanish Grand Prix,Spanish Grand Prix,23.267,STR,2019
Spanish Grand Prix,Spanish Grand Prix,22.066,MAG,2019
Spanish Grand Prix,Spanish Grand Prix,22.991,MAG,2019
Spanish Grand Prix,Spanish Grand Prix,23.566,ALB,2019
Spanish Grand Prix,Spanish Grand Prix,37.39,ALB,2019
Spanish Grand Prix,Spanish Grand Prix,21.978,KVY,2019
Spanish Grand Prix,Spanish Grand Prix,33.811,KVY,2019
Spanish Grand Prix,Spanish Grand Prix,22.362,HUL,2019
Spanish Grand Prix,Spanish Grand Prix,22.362,RIC,2019
Spanish Grand Prix,Spanish Grand Prix,22.643,RIC,2019
Spanish Grand Prix,Spanish Grand Prix,22.29,VER,2019
Spanish Grand Prix,Spanish Grand Prix,22.528,VER,2019
Spanish Grand Prix,Spanish Grand Prix,21.533,NOR,2019
Spanish Grand Prix,Spanish Grand Prix,22.285,HAM,2019
Spanish Grand Prix,Spanish Grand Prix,22.46,HAM,2019
Spanish Grand Prix,Spanish Grand Prix,23.738,VET,2019
Spanish Grand Prix,Spanish Grand Prix,21.657,VET,2019
Spanish Grand Prix,Spanish Grand Prix,21.438,SAI,2019
Spanish Grand Prix,Spanish Grand Prix,21.514,SAI,2019
Spanish Grand Prix,Spanish Grand Prix,22.44,RUS,2019
Spanish Grand Prix,Spanish Grand Prix,21.808,RUS,2019
Spanish Grand Prix,Spanish Grand Prix,22.58,RAI,2019
Spanish Grand Prix,Spanish Grand Prix,22.534,RAI,2019
Spanish Grand Prix,Spanish Grand Prix,22.05,BOT,2019
Spanish Grand Prix,Spanish Grand Prix,22.004,BOT,2019
Spanish Grand Prix,Spanish Grand Prix,22.381,GRO,2019
Spanish Grand Prix,Spanish Grand Prix,22.72,GRO,2019
Spanish Grand Prix,Spanish Grand Prix,22.028,KUB,2019
Spanish Grand Prix,Spanish Grand Prix,21.962,KUB,2019
Spanish Grand Prix,Spanish Grand Prix,20.782,GIO,2019
Spanish Grand Prix,Spanish Grand Prix,23.485,GIO,2019
Monaco Grand Prix,Monaco Grand Prix,24.267,HAM,2019
Monaco Grand Prix,Monaco Grand Prix,24.429,VET,2019
Monaco Grand Prix,Monaco Grand Prix,25.058,BOT,2019
Monaco Grand Prix,Monaco Grand Prix,24.861,BOT,2019
Monaco Grand Prix,Monaco Grand Prix,24.011,VER,2019
Monaco Grand Prix,Monaco Grand Prix,24.158,GAS,2019
Monaco Grand Prix,Monaco Grand Prix,23.865,GAS,2019
Monaco Grand Prix,Monaco Grand Prix,23.793,SAI,2019
Monaco Grand Prix,Monaco Grand Prix,24.002,KVY,2019
Monaco Grand Prix,Monaco Grand Prix,25.085,ALB,2019
Monaco Grand Prix,Monaco Grand Prix,24.252,RIC,2019
Monaco Grand Prix,Monaco Grand Prix,24.234,GRO,2019
Monaco Grand Prix,Monaco Grand Prix,25.079,NOR,2019
Monaco Grand Prix,Monaco Grand Prix,27.217,PER,2019
Monaco Grand Prix,Monaco Grand Prix,25.534,HUL,2019
Monaco Grand Prix,Monaco Grand Prix,25.409,MAG,2019
Monaco Grand Prix,Monaco Grand Prix,26.049,RUS,2019
Monaco Grand Prix,Monaco Grand Prix,24.612,STR,2019
Monaco Grand Prix,Monaco Grand Prix,26.157,RAI,2019
Monaco Grand Prix,Monaco Grand Prix,23.893,KUB,2019
Monaco Grand Prix,Monaco Grand Prix,35.495,GIO,2019
Monaco Grand Prix,Monaco Grand Prix,25.954,LEC,2019
Monaco Grand Prix,Monaco Grand Prix,25.687,LEC,2019
Monaco Grand Prix,Monaco Grand Prix,,LEC,2019
Canadian Grand Prix,Canadian Grand Prix,22.64,GAS,2019
Canadian Grand Prix,Canadian Grand Prix,24.17,PER,2019
Canadian Grand Prix,Canadian Grand Prix,23.956,LEC,2019
Canadian Grand Prix,Canadian Grand Prix,21.802,STR,2019
Canadian Grand Prix,Canadian Grand Prix,24.402,MAG,2019
Canadian Grand Prix,Canadian Grand Prix,38.093,ALB,2019
Canadian Grand Prix,Canadian Grand Prix,,ALB,2019
Canadian Grand Prix,Canadian Grand Prix,23.512,KVY,2019
Canadian Grand Prix,Canadian Grand Prix,23.865,HUL,2019
Canadian Grand Prix,Canadian Grand Prix,24.079,RIC,2019
Canadian Grand Prix,Canadian Grand Prix,23.84,VER,2019
Canadian Grand Prix,Canadian Grand Prix,23.659,HAM,2019
Canadian Grand Prix,Canadian Grand Prix,23.64,VET,2019
Canadian Grand Prix,Canadian Grand Prix,24.242,SAI,2019
Canadian Grand Prix,Canadian Grand Prix,26.458,RUS,2019
Canadian Grand Prix,Canadian Grand Prix,25.188,RAI,2019
Canadian Grand Prix,Canadian Grand Prix,24.768,RAI,2019
Canadian Grand Prix,Canadian Grand Prix,21.091,BOT,2019
Canadian Grand Prix,Canadian Grand Prix,19.901,BOT,2019
Canadian Grand Prix,Canadian Grand Prix,23.953,GRO,2019
Canadian Grand Prix,Canadian Grand Prix,25.076,KUB,2019
Canadian Grand Prix,Canadian Grand Prix,22.34,KUB,2019
Canadian Grand Prix,Canadian Grand Prix,24.184,GIO,2019
French Grand Prix,French Grand Prix,30.176,HAM,2019
French Grand Prix,French Grand Prix,30.239,BOT,2019
French Grand Prix,French Grand Prix,31.565,LEC,2019
French Grand Prix,French Grand Prix,29.391,VER,2019
French Grand Prix,French Grand Prix,30.069,VET,2019
French Grand Prix,French Grand Prix,30.583,VET,2019
French Grand Prix,French Grand Prix,29.922,SAI,2019
French Grand Prix,French Grand Prix,29.833,RAI,2019
French Grand Prix,French Grand Prix,35.307,HUL,2019
French Grand Prix,French Grand Prix,30.481,NOR,2019
French Grand Prix,French Grand Prix,30.116,GAS,2019
French Grand Prix,French Grand Prix,31.046,RIC,2019
French Grand Prix,French Grand Prix,37.376,PER,2019
French Grand Prix,French Grand Prix,31.473,STR,2019
French Grand Prix,French Grand Prix,30.224,KVY,2019
French Grand Prix,French Grand Prix,30.236,ALB,2019
French Grand Prix,French Grand Prix,26.325,GIO,2019
French Grand Prix,French Grand Prix,31.723,GIO,2019
French Grand Prix,French Grand Prix,30.811,MAG,2019
French Grand Prix,French Grand Prix,29.661,KUB,2019
French Grand Prix,French Grand Prix,32.001,RUS,2019
French Grand Prix,French Grand Prix,43.477,RUS,2019
French Grand Prix,French Grand Prix,30.832,GRO,2019
French Grand Prix,French Grand Prix,,GRO,2019
Austrian Grand Prix,Austrian Grand Prix,21.122,VER,2019
Austrian Grand Prix,Austrian Grand Prix,21.887,LEC,2019
Austrian Grand Prix,Austrian Grand Prix,22.558,BOT,2019
Austrian Grand Prix,Austrian Grand Prix,25.257,VET,2019
Austrian Grand Prix,Austrian Grand Prix,22.261,VET,2019
Austrian Grand Prix,Austrian Grand Prix,30.092,HAM,2019
Austrian Grand Prix,Austrian Grand Prix,21.559,NOR,2019
Austrian Grand Prix,Austrian Grand Prix,22.292,GAS,2019
Austrian Grand Prix,Austrian Grand Prix,21.263,SAI,2019
Austrian Grand Prix,Austrian Grand Prix,21.715,RAI,2019
Austrian Grand Prix,Austrian Grand Prix,21.668,GIO,2019
Austrian Grand Prix,Austrian Grand Prix,22.386,PER,2019
Austrian Grand Prix,Austrian Grand Prix,22.293,RIC,2019
Austrian Grand Prix,Austrian Grand Prix,20.795,HUL,2019
Austrian Grand Prix,Austrian Grand Prix,21.996,STR,2019
Austrian Grand Prix,Austrian Grand Prix,21.247,ALB,2019
Austrian Grand Prix,Austrian Grand Prix,22.386,GRO,2019
Austrian Grand Prix,Austrian Grand Prix,24.851,KVY,2019
Austrian Grand Prix,Austrian Grand Prix,22.76,RUS,2019
Austrian Grand Prix,Austrian Grand Prix,23.275,MAG,2019
Austrian Grand Prix,Austrian Grand Prix,16.333,MAG,2019
Austrian Grand Prix,Austrian Grand Prix,22.479,MAG,2019
Austrian Grand Prix,Austrian Grand Prix,21.544,KUB,2019
British Grand Prix,British Grand Prix,27.893,GAS,2019
British Grand Prix,British Grand Prix,30.264,PER,2019
British Grand Prix,British Grand Prix,38.267,PER,2019
British Grand Prix,British Grand Prix,28.672,PER,2019
British Grand Prix,British Grand Prix,29.406,LEC,2019
British Grand Prix,British Grand Prix,28.283,LEC,2019
British Grand Prix,British Grand Prix,30.42,STR,2019
British Grand Prix,British Grand Prix,29.078,STR,2019
British Grand Prix,British Grand Prix,32.791,MAG,2019
British Grand Prix,British Grand Prix,,MAG,2019
British Grand Prix,British Grand Prix,28.985,ALB,2019
British Grand Prix,British Grand Prix,29.437,KVY,2019
British Grand Prix,British Grand Prix,28.798000000000002,KVY,2019
British Grand Prix,British Grand Prix,28.642,HUL,2019
British Grand Prix,British Grand Prix,28.392,RIC,2019
British Grand Prix,British Grand Prix,28.392,RIC,2019
British Grand Prix,British Grand Prix,27.846,VER,2019
British Grand Prix,British Grand Prix,28.002,VER,2019
British Grand Prix,British Grand Prix,28.283,NOR,2019
British Grand Prix,British Grand Prix,27.799,NOR,2019
British Grand Prix,British Grand Prix,28.906,HAM,2019
British Grand Prix,British Grand Prix,28.002,VET,2019
British Grand Prix,British Grand Prix,38.485,VET,2019
British Grand Prix,British Grand Prix,27.378,SAI,2019
British Grand Prix,British Grand Prix,29.0,RUS,2019
British Grand Prix,British Grand Prix,28.392,RAI,2019
British Grand Prix,British Grand Prix,28.392,BOT,2019
British Grand Prix,British Grand Prix,28.158,BOT,2019
British Grand Prix,British Grand Prix,33.556,GRO,2019
British Grand Prix,British Grand Prix,,GRO,2019
British Grand Prix,British Grand Prix,28.75,KUB,2019
Hungarian Grand Prix,Hungarian Grand Prix,23.068,HAM,2019
Hungarian Grand Prix,Hungarian Grand Prix,19.767,HAM,2019
Hungarian Grand Prix,Hungarian Grand Prix,21.736,VER,2019
Hungarian Grand Prix,Hungarian Grand Prix,20.932,VER,2019
Hungarian Grand Prix,Hungarian Grand Prix,24.802,VET,2019
Hungarian Grand Prix,Hungarian Grand Prix,21.564,LEC,2019
Hungarian Grand Prix,Hungarian Grand Prix,21.878,SAI,2019
Hungarian Grand Prix,Hungarian Grand Prix,22.048,GAS,2019
Hungarian Grand Prix,Hungarian Grand Prix,22.162,RAI,2019
Hungarian Grand Prix,Hungarian Grand Prix,33.475,BOT,2019
Hungarian Grand Prix,Hungarian Grand Prix,21.719,BOT,2019
Hungarian Grand Prix,Hungarian Grand Prix,26.064,NOR,2019
Hungarian Grand Prix,Hungarian Grand Prix,23.644,ALB,2019
Hungarian Grand Prix,Hungarian Grand Prix,21.735,PER,2019
Hungarian Grand Prix,Hungarian Grand Prix,21.765,HUL,2019
Hungarian Grand Prix,Hungarian Grand Prix,21.614,MAG,2019
Hungarian Grand Prix,Hungarian Grand Prix,22.553,RIC,2019
Hungarian Grand Prix,Hungarian Grand Prix,24.41,KVY,2019
Hungarian Grand Prix,Hungarian Grand Prix,21.344,RUS,2019
Hungarian Grand Prix,Hungarian Grand Prix,22.061,STR,2019
Hungarian Grand Prix,Hungarian Grand Prix,21.565,STR,2019
Hungarian Grand Prix,Hungarian Grand Prix,23.188,GIO,2019
Hungarian Grand Prix,Hungarian Grand Prix,21.754,KUB,2019
Hungarian Grand Prix,Hungarian Grand Prix,21.84,GRO,2019
Hungarian Grand Prix,Hungarian Grand Prix,,GRO,2019
Belgian Grand Prix,Belgian Grand Prix,23.076,GAS,2019
Belgian Grand Prix,Belgian Grand Prix,23.149,PER,2019
Belgian Grand Prix,Belgian Grand Prix,22.347,LEC,2019
Belgian Grand Prix,Belgian Grand Prix,22.723,STR,2019
Belgian Grand Prix,Belgian Grand Prix,25.33,STR,2019
Belgian Grand Prix,Belgian Grand Prix,22.427,MAG,2019
Belgian Grand Prix,Belgian Grand Prix,22.532,ALB,2019
Belgian Grand Prix,Belgian Grand Prix,23.142,KVY,2019
Belgian Grand Prix,Belgian Grand Prix,23.464,HUL,2019
Belgian Grand Prix,Belgian Grand Prix,22.895,HUL,2019
Belgian Grand Prix,Belgian Grand Prix,27.527,RIC,2019
Belgian Grand Prix,Belgian Grand Prix,23.254,NOR,2019
Belgian Grand Prix,Belgian Grand Prix,23.56,HAM,2019
Belgian Grand Prix,Belgian Grand Prix,22.899,VET,2019
Belgian Grand Prix,Belgian Grand Prix,22.987,VET,2019
Belgian Grand Prix,Belgian Grand Prix,,SAI,2019
Belgian Grand Prix,Belgian Grand Prix,22.454,RUS,2019
Belgian Grand Prix,Belgian Grand Prix,38.966,RAI,2019
Belgian Grand Prix,Belgian Grand Prix,25.279,RAI,2019
Belgian Grand Prix,Belgian Grand Prix,26.826999999999998,RAI,2019
Belgian Grand Prix,Belgian Grand Prix,22.536,BOT,2019
Belgian Grand Prix,Belgian Grand Prix,22.907,GRO,2019
Belgian Grand Prix,Belgian Grand Prix,24.267,KUB,2019
Belgian Grand Prix,Belgian Grand Prix,23.047,GIO,2019
Italian Grand Prix,Italian Grand Prix,22.775,GAS,2019
Italian Grand Prix,Italian Grand Prix,25.35,PER,2019
Italian Grand Prix,Italian Grand Prix,23.868,LEC,2019
Italian Grand Prix,Italian Grand Prix,18.767,STR,2019
Italian Grand Prix,Italian Grand Prix,24.414,STR,2019
Italian Grand Prix,Italian Grand Prix,24.383,MAG,2019
Italian Grand Prix,Italian Grand Prix,24.679,MAG,2019
Italian Grand Prix,Italian Grand Prix,,MAG,2019
Italian Grand Prix,Italian Grand Prix,29.812,ALB,2019
Italian Grand Prix,Italian Grand Prix,24.835,KVY,2019
Italian Grand Prix,Italian Grand Prix,24.289,HUL,2019
Italian Grand Prix,Italian Grand Prix,24.305,RIC,2019
Italian Grand Prix,Italian Grand Prix,30.778,VER,2019
Italian Grand Prix,Italian Grand Prix,24.445,VER,2019
Italian Grand Prix,Italian Grand Prix,24.117,NOR,2019
Italian Grand Prix,Italian Grand Prix,23.961,HAM,2019
Italian Grand Prix,Italian Grand Prix,23.743,HAM,2019
Italian Grand Prix,Italian Grand Prix,32.058,VET,2019
Italian Grand Prix,Italian Grand Prix,32.074,VET,2019
Italian Grand Prix,Italian Grand Prix,24.383,VET,2019
Italian Grand Prix,Italian Grand Prix,,SAI,2019
Italian Grand Prix,Italian Grand Prix,23.852,RUS,2019
Italian Grand Prix,Italian Grand Prix,32.245,RAI,2019
Italian Grand Prix,Italian Grand Prix,24.617,RAI,2019
Italian Grand Prix,Italian Grand Prix,23.789,BOT,2019
Italian Grand Prix,Italian Grand Prix,26.458,GRO,2019
Italian Grand Prix,Italian Grand Prix,25.116,GRO,2019
Italian Grand Prix,Italian Grand Prix,31.606,KUB,2019
Italian Grand Prix,Italian Grand Prix,23.821,KUB,2019
Italian Grand Prix,Italian Grand Prix,25.693,GIO,2019
Singapore Grand Prix,Singapore Grand Prix,32.26,GAS,2019
Singapore Grand Prix,Singapore Grand Prix,28.906,PER,2019
Singapore Grand Prix,Singapore Grand Prix,28.797,LEC,2019
Singapore Grand Prix,Singapore Grand Prix,29.374,STR,2019
Singapore Grand Prix,Singapore Grand Prix,39.281,STR,2019
Singapore Grand Prix,Singapore Grand Prix,29.39,STR,2019
Singapore Grand Prix,Singapore Grand Prix,29.015,MAG,2019
Singapore Grand Prix,Singapore Grand Prix,30.981,MAG,2019
Singapore Grand Prix,Singapore Grand Prix,28.516,ALB,2019
Singapore Grand Prix,Singapore Grand Prix,28.797,KVY,2019
Singapore Grand Prix,Singapore Grand Prix,34.617,KVY,2019
Singapore Grand Prix,Singapore Grand Prix,29.92,HUL,2019
Singapore Grand Prix,Singapore Grand Prix,29.391,HUL,2019
Singapore Grand Prix,Singapore Grand Prix,30.794,RIC,2019
Singapore Grand Prix,Singapore Grand Prix,28.314,VER,2019
Singapore Grand Prix,Singapore Grand Prix,30.341,NOR,2019
Singapore Grand Prix,Singapore Grand Prix,29.391,HAM,2019
Singapore Grand Prix,Singapore Grand Prix,29.156,VET,2019
Singapore Grand Prix,Singapore Grand Prix,69.42,SAI,2019
Singapore Grand Prix,Singapore Grand Prix,30.498,SAI,2019
Singapore Grand Prix,Singapore Grand Prix,38.735,RUS,2019
Singapore Grand Prix,Singapore Grand Prix,30.014,RAI,2019
Singapore Grand Prix,Singapore Grand Prix,29.671,BOT,2019
Singapore Grand Prix,Singapore Grand Prix,29.406,GRO,2019
Singapore Grand Prix,Singapore Grand Prix,43.351,GRO,2019
Singapore Grand Prix,Singapore Grand Prix,28.828,KUB,2019
Singapore Grand Prix,Singapore Grand Prix,29.921,KUB,2019
Singapore Grand Prix,Singapore Grand Prix,28.984,GIO,2019
Singapore Grand Prix,Singapore Grand Prix,28.891,GIO,2019
Russian Grand Prix,Russian Grand Prix,29.459,HAM,2019
Russian Grand Prix,Russian Grand Prix,29.24,BOT,2019
Russian Grand Prix,Russian Grand Prix,29.431,LEC,2019
Russian Grand Prix,Russian Grand Prix,29.467,LEC,2019
Russian Grand Prix,Russian Grand Prix,29.999,VER,2019
Russian Grand Prix,Russian Grand Prix,29.918,ALB,2019
Russian Grand Prix,Russian Grand Prix,29.898,SAI,2019
Russian Grand Prix,Russian Grand Prix,29.95,PER,2019
Russian Grand Prix,Russian Grand Prix,29.291,NOR,2019
Russian Grand Prix,Russian Grand Prix,30.481,MAG,2019
Russian Grand Prix,Russian Grand Prix,34.368,HUL,2019
Russian Grand Prix,Russian Grand Prix,29.651,HUL,2019
Russian Grand Prix,Russian Grand Prix,29.887,STR,2019
Russian Grand Prix,Russian Grand Prix,29.347,KVY,2019
Russian Grand Prix,Russian Grand Prix,29.818,KVY,2019
Russian Grand Prix,Russian Grand Prix,24.036,RAI,2019
Russian Grand Prix,Russian Grand Prix,36.127,RAI,2019
Russian Grand Prix,Russian Grand Prix,29.748,GAS,2019
Russian Grand Prix,Russian Grand Prix,38.123,GIO,2019
Russian Grand Prix,Russian Grand Prix,30.061,GIO,2019
Russian Grand Prix,Russian Grand Prix,30.488,KUB,2019
Russian Grand Prix,Russian Grand Prix,29.246,KUB,2019
Russian Grand Prix,Russian Grand Prix,,KUB,2019
Russian Grand Prix,Russian Grand Prix,,RUS,2019
Russian Grand Prix,Russian Grand Prix,,VET,2019
Russian Grand Prix,Russian Grand Prix,35.597,RIC,2019
Russian Grand Prix,Russian Grand Prix,,RIC,2019
Japanese Grand Prix,Japanese Grand Prix,23.338,GAS,2019
Japanese Grand Prix,Japanese Grand Prix,22.927,PER,2019
Japanese Grand Prix,Japanese Grand Prix,23.142,PER,2019
Japanese Grand Prix,Japanese Grand Prix,30.488,LEC,2019
Japanese Grand Prix,Japanese Grand Prix,23.553,LEC,2019
Japanese Grand Prix,Japanese Grand Prix,23.405,LEC,2019
Japanese Grand Prix,Japanese Grand Prix,23.122,STR,2019
Japanese Grand Prix,Japanese Grand Prix,23.829,MAG,2019
Japanese Grand Prix,Japanese Grand Prix,23.951,MAG,2019
Japanese Grand Prix,Japanese Grand Prix,23.431,ALB,2019
Japanese Grand Prix,Japanese Grand Prix,23.33,ALB,2019
Japanese Grand Prix,Japanese Grand Prix,23.334,KVY,2019
Japanese Grand Prix,Japanese Grand Prix,23.803,HUL,2019
Japanese Grand Prix,Japanese Grand Prix,22.376,RIC,2019
Japanese Grand Prix,Japanese Grand Prix,,VER,2019
Japanese Grand Prix,Japanese Grand Prix,25.442,NOR,2019
Japanese Grand Prix,Japanese Grand Prix,23.168,NOR,2019
Japanese Grand Prix,Japanese Grand Prix,23.963,HAM,2019
Japanese Grand Prix,Japanese Grand Prix,23.596,HAM,2019
Japanese Grand Prix,Japanese Grand Prix,23.289,VET,2019
Japanese Grand Prix,Japanese Grand Prix,22.873,VET,2019
Japanese Grand Prix,Japanese Grand Prix,26.484,SAI,2019
Japanese Grand Prix,Japanese Grand Prix,23.714,RUS,2019
Japanese Grand Prix,Japanese Grand Prix,24.353,RAI,2019
Japanese Grand Prix,Japanese Grand Prix,23.305,RAI,2019
Japanese Grand Prix,Japanese Grand Prix,23.102,BOT,2019
Japanese Grand Prix,Japanese Grand Prix,23.153,BOT,2019
Japanese Grand Prix,Japanese Grand Prix,23.563,GRO,2019
Japanese Grand Prix,Japanese Grand Prix,26.065,KUB,2019
Japanese Grand Prix,Japanese Grand Prix,22.901,KUB,2019
Japanese Grand Prix,Japanese Grand Prix,23.377,GIO,2019
Japanese Grand Prix,Japanese Grand Prix,23.769,GIO,2019
Mexican Grand Prix,Mexican Grand Prix,22.481,HAM,2019
Mexican Grand Prix,Mexican Grand Prix,21.788,VET,2019
Mexican Grand Prix,Mexican Grand Prix,21.357,BOT,2019
Mexican Grand Prix,Mexican Grand Prix,21.411,LEC,2019
Mexican Grand Prix,Mexican Grand Prix,25.461,LEC,2019
Mexican Grand Prix,Mexican Grand Prix,22.399,ALB,2019
Mexican Grand Prix,Mexican Grand Prix,22.154,ALB,2019
Mexican Grand Prix,Mexican Grand Prix,24.528,VER,2019
Mexican Grand Prix,Mexican Grand Prix,22.611,PER,2019
Mexican Grand Prix,Mexican Grand Prix,22.084,RIC,2019
Mexican Grand Prix,Mexican Grand Prix,22.589,GAS,2019
Mexican Grand Prix,Mexican Grand Prix,22.833,GAS,2019
Mexican Grand Prix,Mexican Grand Prix,22.495,HUL,2019
Mexican Grand Prix,Mexican Grand Prix,22.719,KVY,2019
Mexican Grand Prix,Mexican Grand Prix,21.367,KVY,2019
Mexican Grand Prix,Mexican Grand Prix,22.793,STR,2019
Mexican Grand Prix,Mexican Grand Prix,22.076,SAI,2019
Mexican Grand Prix,Mexican Grand Prix,22.01,SAI,2019
Mexican Grand Prix,Mexican Grand Prix,43.034,GIO,2019
Mexican Grand Prix,Mexican Grand Prix,23.059,MAG,2019
Mexican Grand Prix,Mexican Grand Prix,21.996,RUS,2019
Mexican Grand Prix,Mexican Grand Prix,23.905,GRO,2019
Mexican Grand Prix,Mexican Grand Prix,24.849,KUB,2019
Mexican Grand Prix,Mexican Grand Prix,22.27,KUB,2019
Mexican Grand Prix,Mexican Grand Prix,22.747,RAI,2019
Mexican Grand Prix,Mexican Grand Prix,22.953,RAI,2019
Mexican Grand Prix,Mexican Grand Prix,,RAI,2019
Mexican Grand Prix,Mexican Grand Prix,123.143,NOR,2019
Mexican Grand Prix,Mexican Grand Prix,,NOR,2019
United States Grand Prix,United States Grand Prix,24.189,GAS,2019
United States Grand Prix,United States Grand Prix,24.35,GAS,2019
United States Grand Prix,United States Grand Prix,,GAS,2019
United States Grand Prix,United States Grand Prix,24.329,PER,2019
United States Grand Prix,United States Grand Prix,28.956,LEC,2019
United States Grand Prix,United States Grand Prix,23.849,LEC,2019
United States Grand Prix,United States Grand Prix,24.479,STR,2019
United States Grand Prix,United States Grand Prix,25.174,STR,2019
United States Grand Prix,United States Grand Prix,24.921,MAG,2019
United States Grand Prix,United States Grand Prix,24.74,MAG,2019
United States Grand Prix,United States Grand Prix,34.111,ALB,2019
United States Grand Prix,United States Grand Prix,23.201,ALB,2019
United States Grand Prix,United States Grand Prix,23.672,ALB,2019
United States Grand Prix,United States Grand Prix,27.206,KVY,2019
United States Grand Prix,United States Grand Prix,24.158,KVY,2019
United States Grand Prix,United States Grand Prix,24.352,HUL,2019
United States Grand Prix,United States Grand Prix,23.691,HUL,2019
United States Grand Prix,United States Grand Prix,23.65,RIC,2019
United States Grand Prix,United States Grand Prix,23.753,VER,2019
United States Grand Prix,United States Grand Prix,23.564,VER,2019
United States Grand Prix,United States Grand Prix,24.688,NOR,2019
United States Grand Prix,United States Grand Prix,25.925,NOR,2019
United States Grand Prix,United States Grand Prix,24.055,HAM,2019
United States Grand Prix,United States Grand Prix,,VET,2019
United States Grand Prix,United States Grand Prix,24.609,SAI,2019
United States Grand Prix,United States Grand Prix,23.735,RUS,2019
United States Grand Prix,United States Grand Prix,28.727,RUS,2019
United States Grand Prix,United States Grand Prix,24.548000000000002,RAI,2019
United States Grand Prix,United States Grand Prix,24.706,RAI,2019
United States Grand Prix,United States Grand Prix,24.19,BOT,2019
United States Grand Prix,United States Grand Prix,23.93,BOT,2019
United States Grand Prix,United States Grand Prix,24.658,GRO,2019
United States Grand Prix,United States Grand Prix,24.077,KUB,2019
United States Grand Prix,United States Grand Prix,,KUB,2019
United States Grand Prix,United States Grand Prix,25.237,GIO,2019
United States Grand Prix,United States Grand Prix,24.202,GIO,2019
Brazilian Grand Prix,Brazilian Grand Prix,22.911,GAS,2019
Brazilian Grand Prix,Brazilian Grand Prix,23.559,GAS,2019
Brazilian Grand Prix,Brazilian Grand Prix,23.073,PER,2019
Brazilian Grand Prix,Brazilian Grand Prix,23.147,PER,2019
Brazilian Grand Prix,Brazilian Grand Prix,22.932,LEC,2019
Brazilian Grand Prix,Brazilian Grand Prix,23.064,LEC,2019
Brazilian Grand Prix,Brazilian Grand Prix,23.376,STR,2019
Brazilian Grand Prix,Brazilian Grand Prix,24.875,STR,2019
Brazilian Grand Prix,Brazilian Grand Prix,23.919,MAG,2019
Brazilian Grand Prix,Brazilian Grand Prix,23.468,MAG,2019
Brazilian Grand Prix,Brazilian Grand Prix,23.054,ALB,2019
Brazilian Grand Prix,Brazilian Grand Prix,23.034,ALB,2019
Brazilian Grand Prix,Brazilian Grand Prix,22.701999999999998,KVY,2019
Brazilian Grand Prix,Brazilian Grand Prix,23.371,KVY,2019
Brazilian Grand Prix,Brazilian Grand Prix,23.35,HUL,2019
Brazilian Grand Prix,Brazilian Grand Prix,23.674,HUL,2019
Brazilian Grand Prix,Brazilian Grand Prix,22.839,HUL,2019
Brazilian Grand Prix,Brazilian Grand Prix,30.817,RIC,2019
Brazilian Grand Prix,Brazilian Grand Prix,29.435,RIC,2019
Brazilian Grand Prix,Brazilian Grand Prix,21.491,VER,2019
Brazilian Grand Prix,Brazilian Grand Prix,22.43,VER,2019
Brazilian Grand Prix,Brazilian Grand Prix,22.379,VER,2019
Brazilian Grand Prix,Brazilian Grand Prix,23.491,NOR,2019
Brazilian Grand Prix,Brazilian Grand Prix,23.356,NOR,2019
Brazilian Grand Prix,Brazilian Grand Prix,22.887,HAM,2019
Brazilian Grand Prix,Brazilian Grand Prix,22.523,HAM,2019
Brazilian Grand Prix,Brazilian Grand Prix,23.111,HAM,2019
Brazilian Grand Prix,Brazilian Grand Prix,23.311,VET,2019
Brazilian Grand Prix,Brazilian Grand Prix,23.248,VET,2019
Brazilian Grand Prix,Brazilian Grand Prix,21.787,SAI,2019
Brazilian Grand Prix,Brazilian Grand Prix,22.493,RUS,2019
Brazilian Grand Prix,Brazilian Grand Prix,23.158,RUS,2019
Brazilian Grand Prix,Brazilian Grand Prix,22.484,RUS,2019
Brazilian Grand Prix,Brazilian Grand Prix,23.55,RAI,2019
Brazilian Grand Prix,Brazilian Grand Prix,26.197,RAI,2019
Brazilian Grand Prix,Brazilian Grand Prix,23.099,BOT,2019
Brazilian Grand Prix,Brazilian Grand Prix,23.17,BOT,2019
Brazilian Grand Prix,Brazilian Grand Prix,23.745,GRO,2019
Brazilian Grand Prix,Brazilian Grand Prix,22.84,GRO,2019
Brazilian Grand Prix,Brazilian Grand Prix,23.946,KUB,2019
Brazilian Grand Prix,Brazilian Grand Prix,29.352,KUB,2019
Brazilian Grand Prix,Brazilian Grand Prix,24.926,KUB,2019
Brazilian Grand Prix,Brazilian Grand Prix,23.386,KUB,2019
Brazilian Grand Prix,Brazilian Grand Prix,23.135,GIO,2019
Brazilian Grand Prix,Brazilian Grand Prix,23.479,GIO,2019
Abu Dhabi Grand Prix,Abu Dhabi Grand Prix,22.167,HAM,2019
Abu Dhabi Grand Prix,Abu Dhabi Grand Prix,21.014,VER,2019
Abu Dhabi Grand Prix,Abu Dhabi Grand Prix,21.709,LEC,2019
Abu Dhabi Grand Prix,Abu Dhabi Grand Prix,21.288,LEC,2019
Abu Dhabi Grand Prix,Abu Dhabi Grand Prix,21.142,BOT,2019
Abu Dhabi Grand Prix,Abu Dhabi Grand Prix,27.817,VET,2019
Abu Dhabi Grand Prix,Abu Dhabi Grand Prix,21.824,VET,2019
Abu Dhabi Grand Prix,Abu Dhabi Grand Prix,22.056,ALB,2019
Abu Dhabi Grand Prix,Abu Dhabi Grand Prix,22.208,PER,2019
Abu Dhabi Grand Prix,Abu Dhabi Grand Prix,22.969,NOR,2019
Abu Dhabi Grand Prix,Abu Dhabi Grand Prix,21.513,KVY,2019
Abu Dhabi Grand Prix,Abu Dhabi Grand Prix,21.936,SAI,2019
Abu Dhabi Grand Prix,Abu Dhabi Grand Prix,21.442,SAI,2019
Abu Dhabi Grand Prix,Abu Dhabi Grand Prix,21.934,RIC,2019
Abu Dhabi Grand Prix,Abu Dhabi Grand Prix,21.632,RIC,2019
Abu Dhabi Grand Prix,Abu Dhabi Grand Prix,21.326,HUL,2019
Abu Dhabi Grand Prix,Abu Dhabi Grand Prix,22.442,RAI,2019
Abu Dhabi Grand Prix,Abu Dhabi Grand Prix,21.575,MAG,2019
Abu Dhabi Grand Prix,Abu Dhabi Grand Prix,21.937,GRO,2019
Abu Dhabi Grand Prix,Abu Dhabi Grand Prix,21.96,GIO,2019
Abu Dhabi Grand Prix,Abu Dhabi Grand Prix,22.189,GIO,2019
Abu Dhabi Grand Prix,Abu Dhabi Grand Prix,22.287,RUS,2019
Abu Dhabi Grand Prix,Abu Dhabi Grand Prix,77.487,GAS,2019
Abu Dhabi Grand Prix,Abu Dhabi Grand Prix,21.016,KUB,2019
Abu Dhabi Grand Prix,Abu Dhabi Grand Prix,28.784,STR,2019
Abu Dhabi Grand Prix,Abu Dhabi Grand Prix,21.744,STR,2019
Abu Dhabi Grand Prix,Abu Dhabi Grand Prix,,STR,2019
Austrian Grand Prix,Austrian Grand Prix,22.49,GAS,2020
Austrian Grand Prix,Austrian Grand Prix,19.798000000000002,GAS,2020
Austrian Grand Prix,Austrian Grand Prix,22.379,PER,2020
Austrian Grand Prix,Austrian Grand Prix,16.921,PER,2020
Austrian Grand Prix,Austrian Grand Prix,22.754,LEC,2020
Austrian Grand Prix,Austrian Grand Prix,21.948,LEC,2020
Austrian Grand Prix,Austrian Grand Prix,18.658,LEC,2020
Austrian Grand Prix,Austrian Grand Prix,,STR,2020
Austrian Grand Prix,Austrian Grand Prix,21.448,ALB,2020
Austrian Grand Prix,Austrian Grand Prix,21.993,ALB,2020
Austrian Grand Prix,Austrian Grand Prix,17.129,ALB,2020
Austrian Grand Prix,Austrian Grand Prix,22.794,KVY,2020
Austrian Grand Prix,Austrian Grand Prix,21.629,KVY,2020
Austrian Grand Prix,Austrian Grand Prix,19.621,KVY,2020
Austrian Grand Prix,Austrian Grand Prix,,RIC,2020
Austrian Grand Prix,Austrian Grand Prix,21.698,OCO,2020
Austrian Grand Prix,Austrian Grand Prix,19.482,OCO,2020
Austrian Grand Prix,Austrian Grand Prix,,VER,2020
Austrian Grand Prix,Austrian Grand Prix,23.627,NOR,2020
Austrian Grand Prix,Austrian Grand Prix,21.915,NOR,2020
Austrian Grand Prix,Austrian Grand Prix,18.169,NOR,2020
Austrian Grand Prix,Austrian Grand Prix,21.73,HAM,2020
Austrian Grand Prix,Austrian Grand Prix,16.296,HAM,2020
Austrian Grand Prix,Austrian Grand Prix,22.221,VET,2020
Austrian Grand Prix,Austrian Grand Prix,22.727,VET,2020
Austrian Grand Prix,Austrian Grand Prix,19.231,VET,2020
Austrian Grand Prix,Austrian Grand Prix,23.828,SAI,2020
Austrian Grand Prix,Austrian Grand Prix,21.825,SAI,2020
Austrian Grand Prix,Austrian Grand Prix,19.947,SAI,2020
Austrian Grand Prix,Austrian Grand Prix,21.961,LAT,2020
Austrian Grand Prix,Austrian Grand Prix,21.928,LAT,2020
Austrian Grand Prix,Austrian Grand Prix,19.311,LAT,2020
Austrian Grand Prix,Austrian Grand Prix,21.211,RUS,2020
Austrian Grand Prix,Austrian Grand Prix,23.135,RAI,2020
Austrian Grand Prix,Austrian Grand Prix,21.476,RAI,2020
Austrian Grand Prix,Austrian Grand Prix,21.953,BOT,2020
Austrian Grand Prix,Austrian Grand Prix,16.409,BOT,2020
Austrian Grand Prix,Austrian Grand Prix,22.962,GRO,2020
Austrian Grand Prix,Austrian Grand Prix,,GRO,2020
Austrian Grand Prix,Austrian Grand Prix,23.644,GIO,2020
Austrian Grand Prix,Austrian Grand Prix,22.643,GIO,2020
Austrian Grand Prix,Austrian Grand Prix,19.559,GIO,2020
Styrian Grand Prix,Styrian Grand Prix,21.626,HAM,2020
Styrian Grand Prix,Styrian Grand Prix,21.377,BOT,2020
Styrian Grand Prix,Styrian Grand Prix,20.948,VER,2020
Styrian Grand Prix,Styrian Grand Prix,21.073,VER,2020
Styrian Grand Prix,Styrian Grand Prix,20.201,ALB,2020
Styrian Grand Prix,Styrian Grand Prix,22.472,NOR,2020
Styrian Grand Prix,Styrian Grand Prix,22.755,PER,2020
Styrian Grand Prix,Styrian Grand Prix,21.852,STR,2020
Styrian Grand Prix,Styrian Grand Prix,21.628,RIC,2020
Styrian Grand Prix,Styrian Grand Prix,25.956,SAI,2020
Styrian Grand Prix,Styrian Grand Prix,21.851,SAI,2020
Styrian Grand Prix,Styrian Grand Prix,22.218,KVY,2020
Styrian Grand Prix,Styrian Grand Prix,21.467,RAI,2020
Styrian Grand Prix,Styrian Grand Prix,21.997,MAG,2020
Styrian Grand Prix,Styrian Grand Prix,22.443,GRO,2020
Styrian Grand Prix,Styrian Grand Prix,21.688,GIO,2020
Styrian Grand Prix,Styrian Grand Prix,21.947,GAS,2020
Styrian Grand Prix,Styrian Grand Prix,22.3,GAS,2020
Styrian Grand Prix,Styrian Grand Prix,22.287,RUS,2020
Styrian Grand Prix,Styrian Grand Prix,22.768,LAT,2020
Styrian Grand Prix,Styrian Grand Prix,,OCO,2020
Styrian Grand Prix,Styrian Grand Prix,39.713,LEC,2020
Styrian Grand Prix,Styrian Grand Prix,,LEC,2020
Styrian Grand Prix,Styrian Grand Prix,,VET,2020
British Grand Prix,British Grand Prix,29.416,GAS,2020
British Grand Prix,British Grand Prix,29.524,LEC,2020
British Grand Prix,British Grand Prix,28.74,STR,2020
British Grand Prix,British Grand Prix,28.835,ALB,2020
British Grand Prix,British Grand Prix,33.292,ALB,2020
British Grand Prix,British Grand Prix,29.615,RIC,2020
British Grand Prix,British Grand Prix,30.758,OCO,2020
British Grand Prix,British Grand Prix,28.452,VER,2020
British Grand Prix,British Grand Prix,28.256,VER,2020
British Grand Prix,British Grand Prix,30.361,NOR,2020
British Grand Prix,British Grand Prix,28.824,HAM,2020
British Grand Prix,British Grand Prix,29.432,VET,2020
British Grand Prix,British Grand Prix,28.515,SAI,2020
British Grand Prix,British Grand Prix,36.272,SAI,2020
British Grand Prix,British Grand Prix,27.207,LAT,2020
British Grand Prix,British Grand Prix,29.305,RUS,2020
British Grand Prix,British Grand Prix,36.623,RAI,2020
British Grand Prix,British Grand Prix,43.97,RAI,2020
British Grand Prix,British Grand Prix,30.575,BOT,2020
British Grand Prix,British Grand Prix,33.578,BOT,2020
British Grand Prix,British Grand Prix,33.801,GRO,2020
British Grand Prix,British Grand Prix,31.534,GIO,2020
70th Anniversary Grand Prix,70th Anniversary Grand Prix,29.138,VER,2020
70th Anniversary Grand Prix,70th Anniversary Grand Prix,29.008,VER,2020
70th Anniversary Grand Prix,70th Anniversary Grand Prix,28.378,HAM,2020
70th Anniversary Grand Prix,70th Anniversary Grand Prix,29.587,HAM,2020
70th Anniversary Grand Prix,70th Anniversary Grand Prix,28.438,BOT,2020
70th Anniversary Grand Prix,70th Anniversary Grand Prix,28.13,BOT,2020
70th Anniversary Grand Prix,70th Anniversary Grand Prix,29.455,LEC,2020
70th Anniversary Grand Prix,70th Anniversary Grand Prix,28.37,ALB,2020
70th Anniversary Grand Prix,70th Anniversary Grand Prix,28.094,ALB,2020
70th Anniversary Grand Prix,70th Anniversary Grand Prix,28.139,STR,2020
70th Anniversary Grand Prix,70th Anniversary Grand Prix,27.977,STR,2020
70th Anniversary Grand Prix,70th Anniversary Grand Prix,28.998,HUL,2020
70th Anniversary Grand Prix,70th Anniversary Grand Prix,28.372,HUL,2020
70th Anniversary Grand Prix,70th Anniversary Grand Prix,28.727,HUL,2020
70th Anniversary Grand Prix,70th Anniversary Grand Prix,28.127,OCO,2020
70th Anniversary Grand Prix,70th Anniversary Grand Prix,27.934,NOR,2020
70th Anniversary Grand Prix,70th Anniversary Grand Prix,28.82,NOR,2020
70th Anniversary Grand Prix,70th Anniversary Grand Prix,25.148,KVY,2020
70th Anniversary Grand Prix,70th Anniversary Grand Prix,28.409,KVY,2020
70th Anniversary Grand Prix,70th Anniversary Grand Prix,28.36,GAS,2020
70th Anniversary Grand Prix,70th Anniversary Grand Prix,30.472,GAS,2020
70th Anniversary Grand Prix,70th Anniversary Grand Prix,28.14,VET,2020
70th Anniversary Grand Prix,70th Anniversary Grand Prix,28.408,VET,2020
70th Anniversary Grand Prix,70th Anniversary Grand Prix,35.832,SAI,2020
70th Anniversary Grand Prix,70th Anniversary Grand Prix,28.75,SAI,2020
70th Anniversary Grand Prix,70th Anniversary Grand Prix,28.579,RIC,2020
70th Anniversary Grand Prix,70th Anniversary Grand Prix,28.243,RIC,2020
70th Anniversary Grand Prix,70th Anniversary Grand Prix,28.042,RIC,2020
70th Anniversary Grand Prix,70th Anniversary Grand Prix,29.297,RAI,2020
70th Anniversary Grand Prix,70th Anniversary Grand Prix,29.045,GRO,2020
70th Anniversary Grand Prix,70th Anniversary Grand Prix,29.795,GRO,2020
70th Anniversary Grand Prix,70th Anniversary Grand Prix,26.987,GIO,2020
70th Anniversary Grand Prix,70th Anniversary Grand Prix,27.644,GIO,2020
70th Anniversary Grand Prix,70th Anniversary Grand Prix,28.379,RUS,2020
70th Anniversary Grand Prix,70th Anniversary Grand Prix,28.322,RUS,2020
70th Anniversary Grand Prix,70th Anniversary Grand Prix,27.258,RUS,2020
70th Anniversary Grand Prix,70th Anniversary Grand Prix,28.67,LAT,2020
70th Anniversary Grand Prix,70th Anniversary Grand Prix,28.053,LAT,2020
70th Anniversary Grand Prix,70th Anniversary Grand Prix,29.058,LAT,2020
70th Anniversary Grand Prix,70th Anniversary Grand Prix,28.705,MAG,2020
70th Anniversary Grand Prix,70th Anniversary Grand Prix,29.402,MAG,2020
70th Anniversary Grand Prix,70th Anniversary Grand Prix,,MAG,2020
Spanish Grand Prix,Spanish Grand Prix,23.395,HAM,2020
Spanish Grand Prix,Spanish Grand Prix,21.822,HAM,2020
Spanish Grand Prix,Spanish Grand Prix,21.646,VER,2020
Spanish Grand Prix,Spanish Grand Prix,21.596,VER,2020
Spanish Grand Prix,Spanish Grand Prix,22.308,BOT,2020
Spanish Grand Prix,Spanish Grand Prix,22.121,BOT,2020
Spanish Grand Prix,Spanish Grand Prix,22.603,BOT,2020
Spanish Grand Prix,Spanish Grand Prix,22.672,STR,2020
Spanish Grand Prix,Spanish Grand Prix,22.707,STR,2020
Spanish Grand Prix,Spanish Grand Prix,22.941,PER,2020
Spanish Grand Prix,Spanish Grand Prix,22.069,SAI,2020
Spanish Grand Prix,Spanish Grand Prix,22.193,SAI,2020
Spanish Grand Prix,Spanish Grand Prix,21.842,VET,2020
Spanish Grand Prix,Spanish Grand Prix,21.688,ALB,2020
Spanish Grand Prix,Spanish Grand Prix,21.808,ALB,2020
Spanish Grand Prix,Spanish Grand Prix,22.245,GAS,2020
Spanish Grand Prix,Spanish Grand Prix,22.39,GAS,2020
Spanish Grand Prix,Spanish Grand Prix,21.368,NOR,2020
Spanish Grand Prix,Spanish Grand Prix,21.744,NOR,2020
Spanish Grand Prix,Spanish Grand Prix,21.9,RIC,2020
Spanish Grand Prix,Spanish Grand Prix,23.044,KVY,2020
Spanish Grand Prix,Spanish Grand Prix,22.058,KVY,2020
Spanish Grand Prix,Spanish Grand Prix,22.356,OCO,2020
Spanish Grand Prix,Spanish Grand Prix,22.378,RAI,2020
Spanish Grand Prix,Spanish Grand Prix,22.205,RAI,2020
Spanish Grand Prix,Spanish Grand Prix,24.124,MAG,2020
Spanish Grand Prix,Spanish Grand Prix,22.093,GIO,2020
Spanish Grand Prix,Spanish Grand Prix,21.791,GIO,2020
Spanish Grand Prix,Spanish Grand Prix,22.707,RUS,2020
Spanish Grand Prix,Spanish Grand Prix,21.904,RUS,2020
Spanish Grand Prix,Spanish Grand Prix,22.403,LAT,2020
Spanish Grand Prix,Spanish Grand Prix,22.545,LAT,2020
Spanish Grand Prix,Spanish Grand Prix,23.242,GRO,2020
Spanish Grand Prix,Spanish Grand Prix,23.983,GRO,2020
Spanish Grand Prix,Spanish Grand Prix,22.274,LEC,2020
Spanish Grand Prix,Spanish Grand Prix,,LEC,2020
Belgian Grand Prix,Belgian Grand Prix,22.682,GAS,2020
Belgian Grand Prix,Belgian Grand Prix,23.406,PER,2020
Belgian Grand Prix,Belgian Grand Prix,30.679,LEC,2020
Belgian Grand Prix,Belgian Grand Prix,25.141,LEC,2020
Belgian Grand Prix,Belgian Grand Prix,23.701999999999998,STR,2020
Belgian Grand Prix,Belgian Grand Prix,23.197,MAG,2020
Belgian Grand Prix,Belgian Grand Prix,24.365,MAG,2020
Belgian Grand Prix,Belgian Grand Prix,22.686,ALB,2020
Belgian Grand Prix,Belgian Grand Prix,23.719,KVY,2020
Belgian Grand Prix,Belgian Grand Prix,23.909,RIC,2020
Belgian Grand Prix,Belgian Grand Prix,24.296,OCO,2020
Belgian Grand Prix,Belgian Grand Prix,23.173,VER,2020
Belgian Grand Prix,Belgian Grand Prix,23.021,NOR,2020
Belgian Grand Prix,Belgian Grand Prix,23.243,HAM,2020
Belgian Grand Prix,Belgian Grand Prix,22.994,VET,2020
Belgian Grand Prix,Belgian Grand Prix,23.741,LAT,2020
Belgian Grand Prix,Belgian Grand Prix,23.503,LAT,2020
Belgian Grand Prix,Belgian Grand Prix,22.869,RAI,2020
Belgian Grand Prix,Belgian Grand Prix,25.467,BOT,2020
Belgian Grand Prix,Belgian Grand Prix,23.665,GRO,2020
Italian Grand Prix,Italian Grand Prix,24.094,GAS,2020
Italian Grand Prix,Italian Grand Prix,1519.818,GAS,2020
Italian Grand Prix,Italian Grand Prix,24.424,SAI,2020
Italian Grand Prix,Italian Grand Prix,1522.129,SAI,2020
Italian Grand Prix,Italian Grand Prix,1517.306,STR,2020
Italian Grand Prix,Italian Grand Prix,24.623,NOR,2020
Italian Grand Prix,Italian Grand Prix,1521.958,NOR,2020
Italian Grand Prix,Italian Grand Prix,24.389,BOT,2020
Italian Grand Prix,Italian Grand Prix,1521.966,BOT,2020
Italian Grand Prix,Italian Grand Prix,25.479,RIC,2020
Italian Grand Prix,Italian Grand Prix,1523.578,RIC,2020
Italian Grand Prix,Italian Grand Prix,24.654,HAM,2020
Italian Grand Prix,Italian Grand Prix,1516.867,HAM,2020
Italian Grand Prix,Italian Grand Prix,31.641,HAM,2020
Italian Grand Prix,Italian Grand Prix,25.268,OCO,2020
Italian Grand Prix,Italian Grand Prix,1523.176,OCO,2020
Italian Grand Prix,Italian Grand Prix,25.931,KVY,2020
Italian Grand Prix,Italian Grand Prix,1524.1,KVY,2020
Italian Grand Prix,Italian Grand Prix,26.677,PER,2020
Italian Grand Prix,Italian Grand Prix,1524.693,PER,2020
Italian Grand Prix,Italian Grand Prix,26.35,LAT,2020
Italian Grand Prix,Italian Grand Prix,1522.921,LAT,2020
Italian Grand Prix,Italian Grand Prix,25.942,GRO,2020
Italian Grand Prix,Italian Grand Prix,1530.147,GRO,2020
Italian Grand Prix,Italian Grand Prix,24.459,RAI,2020
Italian Grand Prix,Italian Grand Prix,1520.932,RAI,2020
Italian Grand Prix,Italian Grand Prix,25.311,RUS,2020
Italian Grand Prix,Italian Grand Prix,1527.702,RUS,2020
Italian Grand Prix,Italian Grand Prix,29.672,ALB,2020
Italian Grand Prix,Italian Grand Prix,1528.251,ALB,2020
Italian Grand Prix,Italian Grand Prix,23.996,GIO,2020
Italian Grand Prix,Italian Grand Prix,1521.754,GIO,2020
Italian Grand Prix,Italian Grand Prix,31.424,GIO,2020
Italian Grand Prix,Italian Grand Prix,26.163,VER,2020
Italian Grand Prix,Italian Grand Prix,1522.775,VER,2020
Italian Grand Prix,Italian Grand Prix,,VER,2020
Italian Grand Prix,Italian Grand Prix,24.348,LEC,2020
Italian Grand Prix,Italian Grand Prix,,LEC,2020
Italian Grand Prix,Italian Grand Prix,40.061,MAG,2020
Italian Grand Prix,Italian Grand Prix,,MAG,2020
Italian Grand Prix,Italian Grand Prix,,VET,2020
Tuscan Grand Prix,Tuscan Grand Prix,17.615,PER,2020
Tuscan Grand Prix,Tuscan Grand Prix,1441.549,PER,2020
Tuscan Grand Prix,Tuscan Grand Prix,23.164,PER,2020
Tuscan Grand Prix,Tuscan Grand Prix,23.694,PER,2020
Tuscan Grand Prix,Tuscan Grand Prix,1299.719,PER,2020
Tuscan Grand Prix,Tuscan Grand Prix,17.534,LEC,2020
Tuscan Grand Prix,Tuscan Grand Prix,1436.79,LEC,2020
Tuscan Grand Prix,Tuscan Grand Prix,23.459,LEC,2020
Tuscan Grand Prix,Tuscan Grand Prix,23.369,LEC,2020
Tuscan Grand Prix,Tuscan Grand Prix,1285.178,LEC,2020
Tuscan Grand Prix,Tuscan Grand Prix,17.614,STR,2020
Tuscan Grand Prix,Tuscan Grand Prix,1439.485,STR,2020
Tuscan Grand Prix,Tuscan Grand Prix,22.834,STR,2020
Tuscan Grand Prix,Tuscan Grand Prix,17.606,ALB,2020
Tuscan Grand Prix,Tuscan Grand Prix,1438.755,ALB,2020
Tuscan Grand Prix,Tuscan Grand Prix,22.478,ALB,2020
Tuscan Grand Prix,Tuscan Grand Prix,22.948,ALB,2020
Tuscan Grand Prix,Tuscan Grand Prix,1302.414,ALB,2020
Tuscan Grand Prix,Tuscan Grand Prix,17.52,KVY,2020
Tuscan Grand Prix,Tuscan Grand Prix,1446.043,KVY,2020
Tuscan Grand Prix,Tuscan Grand Prix,23.143,KVY,2020
Tuscan Grand Prix,Tuscan Grand Prix,22.457,KVY,2020
Tuscan Grand Prix,Tuscan Grand Prix,1290.312,KVY,2020
Tuscan Grand Prix,Tuscan Grand Prix,17.139,RIC,2020
Tuscan Grand Prix,Tuscan Grand Prix,1440.936,RIC,2020
Tuscan Grand Prix,Tuscan Grand Prix,22.776,RIC,2020
Tuscan Grand Prix,Tuscan Grand Prix,22.942,RIC,2020
Tuscan Grand Prix,Tuscan Grand Prix,1299.798,RIC,2020
Tuscan Grand Prix,Tuscan Grand Prix,17.449,OCO,2020
Tuscan Grand Prix,Tuscan Grand Prix,,OCO,2020
Tuscan Grand Prix,Tuscan Grand Prix,17.867,NOR,2020
Tuscan Grand Prix,Tuscan Grand Prix,1445.61,NOR,2020
Tuscan Grand Prix,Tuscan Grand Prix,27.603,NOR,2020
Tuscan Grand Prix,Tuscan Grand Prix,24.784,NOR,2020
Tuscan Grand Prix,Tuscan Grand Prix,1292.97,NOR,2020
Tuscan Grand Prix,Tuscan Grand Prix,17.539,HAM,2020
Tuscan Grand Prix,Tuscan Grand Prix,1436.683,HAM,2020
Tuscan Grand Prix,Tuscan Grand Prix,22.434,HAM,2020
Tuscan Grand Prix,Tuscan Grand Prix,22.917,HAM,2020
Tuscan Grand Prix,Tuscan Grand Prix,1300.821,HAM,2020
Tuscan Grand Prix,Tuscan Grand Prix,33.511,VET,2020
Tuscan Grand Prix,Tuscan Grand Prix,17.525,VET,2020
Tuscan Grand Prix,Tuscan Grand Prix,1449.517,VET,2020
Tuscan Grand Prix,Tuscan Grand Prix,23.016,VET,2020
Tuscan Grand Prix,Tuscan Grand Prix,22.482,VET,2020
Tuscan Grand Prix,Tuscan Grand Prix,1266.682,VET,2020
Tuscan Grand Prix,Tuscan Grand Prix,18.384,RUS,2020
Tuscan Grand Prix,Tuscan Grand Prix,1447.221,RUS,2020
Tuscan Grand Prix,Tuscan Grand Prix,23.662,RUS,2020
Tuscan Grand Prix,Tuscan Grand Prix,23.46,RUS,2020
Tuscan Grand Prix,Tuscan Grand Prix,1269.303,RUS,2020
Tuscan Grand Prix,Tuscan Grand Prix,30.627,RAI,2020
Tuscan Grand Prix,Tuscan Grand Prix,17.696,RAI,2020
Tuscan Grand Prix,Tuscan Grand Prix,1450.184,RAI,2020
Tuscan Grand Prix,Tuscan Grand Prix,33.296,RAI,2020
Tuscan Grand Prix,Tuscan Grand Prix,28.98,RAI,2020
Tuscan Grand Prix,Tuscan Grand Prix,1180.724,RAI,2020
Tuscan Grand Prix,Tuscan Grand Prix,17.474,BOT,2020
Tuscan Grand Prix,Tuscan Grand Prix,1436.382,BOT,2020
Tuscan Grand Prix,Tuscan Grand Prix,23.058,BOT,2020
Tuscan Grand Prix,Tuscan Grand Prix,23.241,BOT,2020
Tuscan Grand Prix,Tuscan Grand Prix,1301.922,BOT,2020
Tuscan Grand Prix,Tuscan Grand Prix,24.768,GRO,2020
Tuscan Grand Prix,Tuscan Grand Prix,1450.573,GRO,2020
Tuscan Grand Prix,Tuscan Grand Prix,23.739,GRO,2020
Tuscan Grand Prix,Tuscan Grand Prix,23.984,GRO,2020
Tuscan Grand Prix,Tuscan Grand Prix,1181.813,GRO,2020
Russian Grand Prix,Russian Grand Prix,29.724,BOT,2020
Russian Grand Prix,Russian Grand Prix,28.751,VER,2020
Russian Grand Prix,Russian Grand Prix,41.324,HAM,2020
Russian Grand Prix,Russian Grand Prix,29.875,PER,2020
Russian Grand Prix,Russian Grand Prix,30.117,RIC,2020
Russian Grand Prix,Russian Grand Prix,30.304,LEC,2020
Russian Grand Prix,Russian Grand Prix,30.057,OCO,2020
Russian Grand Prix,Russian Grand Prix,29.667,KVY,2020
Russian Grand Prix,Russian Grand Prix,31.515,GAS,2020
Russian Grand Prix,Russian Grand Prix,29.388,GAS,2020
Russian Grand Prix,Russian Grand Prix,30.225,ALB,2020
Russian Grand Prix,Russian Grand Prix,30.105,ALB,2020
Russian Grand Prix,Russian Grand Prix,30.539,GIO,2020
Russian Grand Prix,Russian Grand Prix,30.195,MAG,2020
Russian Grand Prix,Russian Grand Prix,29.342,VET,2020
Russian Grand Prix,Russian Grand Prix,33.178,RAI,2020
Russian Grand Prix,Russian Grand Prix,37.129,NOR,2020
Russian Grand Prix,Russian Grand Prix,31.318,NOR,2020
Russian Grand Prix,Russian Grand Prix,29.82,LAT,2020
Russian Grand Prix,Russian Grand Prix,27.163,GRO,2020
Russian Grand Prix,Russian Grand Prix,29.986,GRO,2020
Russian Grand Prix,Russian Grand Prix,30.15,RUS,2020
Russian Grand Prix,Russian Grand Prix,28.434,RUS,2020
Russian Grand Prix,Russian Grand Prix,29.658,RUS,2020
Eifel Grand Prix,Eifel Grand Prix,22.616,GAS,2020
Eifel Grand Prix,Eifel Grand Prix,22.935,GAS,2020
Eifel Grand Prix,Eifel Grand Prix,22.918,PER,2020
Eifel Grand Prix,Eifel Grand Prix,22.528,PER,2020
Eifel Grand Prix,Eifel Grand Prix,22.583,LEC,2020
Eifel Grand Prix,Eifel Grand Prix,23.066,LEC,2020
Eifel Grand Prix,Eifel Grand Prix,22.99,MAG,2020
Eifel Grand Prix,Eifel Grand Prix,23.111,MAG,2020
Eifel Grand Prix,Eifel Grand Prix,23.617,ALB,2020
Eifel Grand Prix,Eifel Grand Prix,,ALB,2020
Eifel Grand Prix,Eifel Grand Prix,30.808,KVY,2020
Eifel Grand Prix,Eifel Grand Prix,22.537,KVY,2020
Eifel Grand Prix,Eifel Grand Prix,22.707,HUL,2020
Eifel Grand Prix,Eifel Grand Prix,22.61,HUL,2020
Eifel Grand Prix,Eifel Grand Prix,22.144,RIC,2020
Eifel Grand Prix,Eifel Grand Prix,22.521,RIC,2020
Eifel Grand Prix,Eifel Grand Prix,,OCO,2020
Eifel Grand Prix,Eifel Grand Prix,22.11,VER,2020
Eifel Grand Prix,Eifel Grand Prix,22.375,VER,2020
Eifel Grand Prix,Eifel Grand Prix,21.998,NOR,2020
Eifel Grand Prix,Eifel Grand Prix,23.99,HAM,2020
Eifel Grand Prix,Eifel Grand Prix,23.073,HAM,2020
Eifel Grand Prix,Eifel Grand Prix,22.567,VET,2020
Eifel Grand Prix,Eifel Grand Prix,24.356,VET,2020
Eifel Grand Prix,Eifel Grand Prix,22.638,SAI,2020
Eifel Grand Prix,Eifel Grand Prix,22.49,SAI,2020
Eifel Grand Prix,Eifel Grand Prix,24.676,LAT,2020
Eifel Grand Prix,Eifel Grand Prix,23.973,LAT,2020
Eifel Grand Prix,Eifel Grand Prix,22.455,RUS,2020
Eifel Grand Prix,Eifel Grand Prix,22.798000000000002,RAI,2020
Eifel Grand Prix,Eifel Grand Prix,33.112,RAI,2020
Eifel Grand Prix,Eifel Grand Prix,22.626,BOT,2020
Eifel Grand Prix,Eifel Grand Prix,,BOT,2020
Eifel Grand Prix,Eifel Grand Prix,23.635,GRO,2020
Eifel Grand Prix,Eifel Grand Prix,22.114,GIO,2020
Eifel Grand Prix,Eifel Grand Prix,22.174,GIO,2020
Portuguese Grand Prix,Portuguese Grand Prix,27.168,HAM,2020
Portuguese Grand Prix,Portuguese Grand Prix,26.504,BOT,2020
Portuguese Grand Prix,Portuguese Grand Prix,26.386,VER,2020
Portuguese Grand Prix,Portuguese Grand Prix,26.948,LEC,2020
Portuguese Grand Prix,Portuguese Grand Prix,27.236,GAS,2020
Portuguese Grand Prix,Portuguese Grand Prix,27.279,SAI,2020
Portuguese Grand Prix,Portuguese Grand Prix,26.125,PER,2020
Portuguese Grand Prix,Portuguese Grand Prix,26.655,PER,2020
Portuguese Grand Prix,Portuguese Grand Prix,28.436,OCO,2020
Portuguese Grand Prix,Portuguese Grand Prix,26.92,RIC,2020
Portuguese Grand Prix,Portuguese Grand Prix,24.006,VET,2020
Portuguese Grand Prix,Portuguese Grand Prix,29.097,RAI,2020
Portuguese Grand Prix,Portuguese Grand Prix,26.287,ALB,2020
Portuguese Grand Prix,Portuguese Grand Prix,25.998,ALB,2020
Portuguese Grand Prix,Portuguese Grand Prix,34.797,NOR,2020
Portuguese Grand Prix,Portuguese Grand Prix,27.75,NOR,2020
Portuguese Grand Prix,Portuguese Grand Prix,32.972,RUS,2020
Portuguese Grand Prix,Portuguese Grand Prix,26.45,GIO,2020
Portuguese Grand Prix,Portuguese Grand Prix,27.352,MAG,2020
Portuguese Grand Prix,Portuguese Grand Prix,26.954,GRO,2020
Portuguese Grand Prix,Portuguese Grand Prix,28.71,LAT,2020
Portuguese Grand Prix,Portuguese Grand Prix,27.239,KVY,2020
Portuguese Grand Prix,Portuguese Grand Prix,32.753,KVY,2020
Portuguese Grand Prix,Portuguese Grand Prix,36.34,STR,2020
Portuguese Grand Prix,Portuguese Grand Prix,37.494,STR,2020
Portuguese Grand Prix,Portuguese Grand Prix,,STR,2020
Emilia Romagna Grand Prix,Emilia Romagna Grand Prix,,GAS,2020
Emilia Romagna Grand Prix,Emilia Romagna Grand Prix,30.282,PER,2020
Emilia Romagna Grand Prix,Emilia Romagna Grand Prix,30.882,PER,2020
Emilia Romagna Grand Prix,Emilia Romagna Grand Prix,30.358,LEC,2020
Emilia Romagna Grand Prix,Emilia Romagna Grand Prix,34.815,STR,2020
Emilia Romagna Grand Prix,Emilia Romagna Grand Prix,30.95,STR,2020
Emilia Romagna Grand Prix,Emilia Romagna Grand Prix,36.894,STR,2020
Emilia Romagna Grand Prix,Emilia Romagna Grand Prix,30.111,MAG,2020
Emilia Romagna Grand Prix,Emilia Romagna Grand Prix,,MAG,2020
Emilia Romagna Grand Prix,Emilia Romagna Grand Prix,30.177,ALB,2020
Emilia Romagna Grand Prix,Emilia Romagna Grand Prix,29.558,ALB,2020
Emilia Romagna Grand Prix,Emilia Romagna Grand Prix,30.264,KVY,2020
Emilia Romagna Grand Prix,Emilia Romagna Grand Prix,29.838,KVY,2020
Emilia Romagna Grand Prix,Emilia Romagna Grand Prix,30.269,RIC,2020
Emilia Romagna Grand Prix,Emilia Romagna Grand Prix,31.741,OCO,2020
Emilia Romagna Grand Prix,Emilia Romagna Grand Prix,29.43,VER,2020
Emilia Romagna Grand Prix,Emilia Romagna Grand Prix,29.681,NOR,2020
Emilia Romagna Grand Prix,Emilia Romagna Grand Prix,30.196,NOR,2020
Emilia Romagna Grand Prix,Emilia Romagna Grand Prix,30.371,HAM,2020
Emilia Romagna Grand Prix,Emilia Romagna Grand Prix,30.924,HAM,2020
Emilia Romagna Grand Prix,Emilia Romagna Grand Prix,40.468,VET,2020
Emilia Romagna Grand Prix,Emilia Romagna Grand Prix,29.88,VET,2020
Emilia Romagna Grand Prix,Emilia Romagna Grand Prix,30.252,SAI,2020
Emilia Romagna Grand Prix,Emilia Romagna Grand Prix,30.643,SAI,2020
Emilia Romagna Grand Prix,Emilia Romagna Grand Prix,30.146,LAT,2020
Emilia Romagna Grand Prix,Emilia Romagna Grand Prix,29.977,RUS,2020
Emilia Romagna Grand Prix,Emilia Romagna Grand Prix,29.826999999999998,RAI,2020
Emilia Romagna Grand Prix,Emilia Romagna Grand Prix,29.579,BOT,2020
Emilia Romagna Grand Prix,Emilia Romagna Grand Prix,30.453,BOT,2020
Emilia Romagna Grand Prix,Emilia Romagna Grand Prix,30.101,GRO,2020
Emilia Romagna Grand Prix,Emilia Romagna Grand Prix,31.188,GRO,2020
Emilia Romagna Grand Prix,Emilia Romagna Grand Prix,29.739,GIO,2020
Bahrain Grand Prix,Bahrain Grand Prix,4760.469,GAS,2020
Bahrain Grand Prix,Bahrain Grand Prix,24.504,GAS,2020
Bahrain Grand Prix,Bahrain Grand Prix,4763.437,PER,2020
Bahrain Grand Prix,Bahrain Grand Prix,24.372,PER,2020
Bahrain Grand Prix,Bahrain Grand Prix,24.579,PER,2020
Bahrain Grand Prix,Bahrain Grand Prix,4754.272,LEC,2020
Bahrain Grand Prix,Bahrain Grand Prix,25.187,LEC,2020
Bahrain Grand Prix,Bahrain Grand Prix,24.839,LEC,2020
Bahrain Grand Prix,Bahrain Grand Prix,4753.816,STR,2020
Bahrain Grand Prix,Bahrain Grand Prix,4756.322,MAG,2020
Bahrain Grand Prix,Bahrain Grand Prix,38.144,MAG,2020
Bahrain Grand Prix,Bahrain Grand Prix,25.911,MAG,2020
Bahrain Grand Prix,Bahrain Grand Prix,25.751,MAG,2020
Bahrain Grand Prix,Bahrain Grand Prix,4761.717,ALB,2020
Bahrain Grand Prix,Bahrain Grand Prix,24.168,ALB,2020
Bahrain Grand Prix,Bahrain Grand Prix,23.785,ALB,2020
Bahrain Grand Prix,Bahrain Grand Prix,4763.0,KVY,2020
Bahrain Grand Prix,Bahrain Grand Prix,36.481,KVY,2020
Bahrain Grand Prix,Bahrain Grand Prix,24.169,KVY,2020
Bahrain Grand Prix,Bahrain Grand Prix,4760.395,RIC,2020
Bahrain Grand Prix,Bahrain Grand Prix,24.633,RIC,2020
Bahrain Grand Prix,Bahrain Grand Prix,24.801,RIC,2020
Bahrain Grand Prix,Bahrain Grand Prix,4760.936,OCO,2020
Bahrain Grand Prix,Bahrain Grand Prix,24.111,OCO,2020
Bahrain Grand Prix,Bahrain Grand Prix,25.245,OCO,2020
Bahrain Grand Prix,Bahrain Grand Prix,4764.621,VER,2020
Bahrain Grand Prix,Bahrain Grand Prix,24.642,VER,2020
Bahrain Grand Prix,Bahrain Grand Prix,26.922,VER,2020
Bahrain Grand Prix,Bahrain Grand Prix,23.953,VER,2020
Bahrain Grand Prix,Bahrain Grand Prix,4753.899,NOR,2020
Bahrain Grand Prix,Bahrain Grand Prix,24.757,NOR,2020
Bahrain Grand Prix,Bahrain Grand Prix,24.68,NOR,2020
Bahrain Grand Prix,Bahrain Grand Prix,4764.028,HAM,2020
Bahrain Grand Prix,Bahrain Grand Prix,24.059,HAM,2020
Bahrain Grand Prix,Bahrain Grand Prix,24.352,HAM,2020
Bahrain Grand Prix,Bahrain Grand Prix,4756.998,VET,2020
Bahrain Grand Prix,Bahrain Grand Prix,25.89,VET,2020
Bahrain Grand Prix,Bahrain Grand Prix,25.496,VET,2020
Bahrain Grand Prix,Bahrain Grand Prix,4757.332,SAI,2020
Bahrain Grand Prix,Bahrain Grand Prix,24.468,SAI,2020
Bahrain Grand Prix,Bahrain Grand Prix,25.469,SAI,2020
Bahrain Grand Prix,Bahrain Grand Prix,4757.718,LAT,2020
Bahrain Grand Prix,Bahrain Grand Prix,24.192,LAT,2020
Bahrain Grand Prix,Bahrain Grand Prix,24.042,LAT,2020
Bahrain Grand Prix,Bahrain Grand Prix,4763.492,RUS,2020
Bahrain Grand Prix,Bahrain Grand Prix,23.993,RUS,2020
Bahrain Grand Prix,Bahrain Grand Prix,27.14,RUS,2020
Bahrain Grand Prix,Bahrain Grand Prix,4761.554,RAI,2020
Bahrain Grand Prix,Bahrain Grand Prix,32.271,RAI,2020
Bahrain Grand Prix,Bahrain Grand Prix,25.257,RAI,2020
Bahrain Grand Prix,Bahrain Grand Prix,4759.112,BOT,2020
Bahrain Grand Prix,Bahrain Grand Prix,24.926,BOT,2020
Bahrain Grand Prix,Bahrain Grand Prix,24.751,BOT,2020
Bahrain Grand Prix,Bahrain Grand Prix,24.682,BOT,2020
Bahrain Grand Prix,Bahrain Grand Prix,4754.907,GIO,2020
Bahrain Grand Prix,Bahrain Grand Prix,24.092,GIO,2020
Bahrain Grand Prix,Bahrain Grand Prix,24.884,GIO,2020
Sakhir Grand Prix,Sakhir Grand Prix,25.105,GAS,2020
Sakhir Grand Prix,Sakhir Grand Prix,24.531,GAS,2020
Sakhir Grand Prix,Sakhir Grand Prix,23.636,PER,2020
Sakhir Grand Prix,Sakhir Grand Prix,24.474,PER,2020
Sakhir Grand Prix,Sakhir Grand Prix,24.365,STR,2020
Sakhir Grand Prix,Sakhir Grand Prix,25.464,MAG,2020
Sakhir Grand Prix,Sakhir Grand Prix,25.501,MAG,2020
Sakhir Grand Prix,Sakhir Grand Prix,23.831,ALB,2020
Sakhir Grand Prix,Sakhir Grand Prix,23.659,ALB,2020
Sakhir Grand Prix,Sakhir Grand Prix,24.161,KVY,2020
Sakhir Grand Prix,Sakhir Grand Prix,24.257,KVY,2020
Sakhir Grand Prix,Sakhir Grand Prix,24.545,RIC,2020
Sakhir Grand Prix,Sakhir Grand Prix,23.11,RIC,2020
Sakhir Grand Prix,Sakhir Grand Prix,24.413,OCO,2020
Sakhir Grand Prix,Sakhir Grand Prix,24.875,NOR,2020
Sakhir Grand Prix,Sakhir Grand Prix,24.24,NOR,2020
Sakhir Grand Prix,Sakhir Grand Prix,26.246,VET,2020
Sakhir Grand Prix,Sakhir Grand Prix,28.07,VET,2020
Sakhir Grand Prix,Sakhir Grand Prix,24.902,VET,2020
Sakhir Grand Prix,Sakhir Grand Prix,27.683,FIT,2020
Sakhir Grand Prix,Sakhir Grand Prix,26.388,FIT,2020
Sakhir Grand Prix,Sakhir Grand Prix,25.813,FIT,2020
Sakhir Grand Prix,Sakhir Grand Prix,24.175,SAI,2020
Sakhir Grand Prix,Sakhir Grand Prix,24.724,SAI,2020
Sakhir Grand Prix,Sakhir Grand Prix,24.256,LAT,2020
Sakhir Grand Prix,Sakhir Grand Prix,24.713,RUS,2020
Sakhir Grand Prix,Sakhir Grand Prix,28.807,RUS,2020
Sakhir Grand Prix,Sakhir Grand Prix,24.754,RUS,2020
Sakhir Grand Prix,Sakhir Grand Prix,24.302,RUS,2020
Sakhir Grand Prix,Sakhir Grand Prix,28.474,RAI,2020
Sakhir Grand Prix,Sakhir Grand Prix,24.414,RAI,2020
Sakhir Grand Prix,Sakhir Grand Prix,24.736,RAI,2020
Sakhir Grand Prix,Sakhir Grand Prix,24.632,BOT,2020
Sakhir Grand Prix,Sakhir Grand Prix,52.831,BOT,2020
Sakhir Grand Prix,Sakhir Grand Prix,23.131,AIT,2020
Sakhir Grand Prix,Sakhir Grand Prix,25.733,AIT,2020
Sakhir Grand Prix,Sakhir Grand Prix,40.03,AIT,2020
Sakhir Grand Prix,Sakhir Grand Prix,24.811,GIO,2020
Sakhir Grand Prix,Sakhir Grand Prix,24.55,GIO,2020
Abu Dhabi Grand Prix,Abu Dhabi Grand Prix,22.006,GAS,2020
Abu Dhabi Grand Prix,Abu Dhabi Grand Prix,22.195,LEC,2020
Abu Dhabi Grand Prix,Abu Dhabi Grand Prix,22.352,STR,2020
Abu Dhabi Grand Prix,Abu Dhabi Grand Prix,22.739,MAG,2020
Abu Dhabi Grand Prix,Abu Dhabi Grand Prix,23.191,MAG,2020
Abu Dhabi Grand Prix,Abu Dhabi Grand Prix,21.495,ALB,2020
Abu Dhabi Grand Prix,Abu Dhabi Grand Prix,25.722,KVY,2020
Abu Dhabi Grand Prix,Abu Dhabi Grand Prix,22.161,RIC,2020
Abu Dhabi Grand Prix,Abu Dhabi Grand Prix,21.325,OCO,2020
Abu Dhabi Grand Prix,Abu Dhabi Grand Prix,21.25,VER,2020
Abu Dhabi Grand Prix,Abu Dhabi Grand Prix,21.862,NOR,2020
Abu Dhabi Grand Prix,Abu Dhabi Grand Prix,22.405,HAM,2020
Abu Dhabi Grand Prix,Abu Dhabi Grand Prix,22.031,VET,2020
Abu Dhabi Grand Prix,Abu Dhabi Grand Prix,26.313,FIT,2020
Abu Dhabi Grand Prix,Abu Dhabi Grand Prix,28.413,FIT,2020
Abu Dhabi Grand Prix,Abu Dhabi Grand Prix,23.189,FIT,2020
Abu Dhabi Grand Prix,Abu Dhabi Grand Prix,22.159,SAI,2020
Abu Dhabi Grand Prix,Abu Dhabi Grand Prix,21.348,LAT,2020
Abu Dhabi Grand Prix,Abu Dhabi Grand Prix,22.314,LAT,2020
Abu Dhabi Grand Prix,Abu Dhabi Grand Prix,21.844,RUS,2020
Abu Dhabi Grand Prix,Abu Dhabi Grand Prix,21.947,RAI,2020
Abu Dhabi Grand Prix,Abu Dhabi Grand Prix,21.63,BOT,2020
Abu Dhabi Grand Prix,Abu Dhabi Grand Prix,21.548000000000002,GIO,2020
Bahrain Grand Prix,Bahrain Grand Prix,24.936,HAM,2021
Bahrain Grand Prix,Bahrain Grand Prix,24.135,HAM,2021
Bahrain Grand Prix,Bahrain Grand Prix,24.902,VER,2021
Bahrain Grand Prix,Bahrain Grand Prix,23.818,VER,2021
Bahrain Grand Prix,Bahrain Grand Prix,24.244,BOT,2021
Bahrain Grand Prix,Bahrain Grand Prix,32.937,BOT,2021
Bahrain Grand Prix,Bahrain Grand Prix,24.586,BOT,2021
Bahrain Grand Prix,Bahrain Grand Prix,24.848,NOR,2021
Bahrain Grand Prix,Bahrain Grand Prix,25.658,NOR,2021
Bahrain Grand Prix,Bahrain Grand Prix,23.191,PER,2021
Bahrain Grand Prix,Bahrain Grand Prix,24.118,PER,2021
Bahrain Grand Prix,Bahrain Grand Prix,24.167,PER,2021
Bahrain Grand Prix,Bahrain Grand Prix,24.94,LEC,2021
Bahrain Grand Prix,Bahrain Grand Prix,24.217,LEC,2021
Bahrain Grand Prix,Bahrain Grand Prix,24.654,RIC,2021
Bahrain Grand Prix,Bahrain Grand Prix,24.691,RIC,2021
Bahrain Grand Prix,Bahrain Grand Prix,24.408,SAI,2021
Bahrain Grand Prix,Bahrain Grand Prix,24.374,SAI,2021
Bahrain Grand Prix,Bahrain Grand Prix,25.079,TSU,2021
Bahrain Grand Prix,Bahrain Grand Prix,24.319,TSU,2021
Bahrain Grand Prix,Bahrain Grand Prix,26.037,STR,2021
Bahrain Grand Prix,Bahrain Grand Prix,25.745,STR,2021
Bahrain Grand Prix,Bahrain Grand Prix,24.144,RAI,2021
Bahrain Grand Prix,Bahrain Grand Prix,24.124,RAI,2021
Bahrain Grand Prix,Bahrain Grand Prix,32.028,GIO,2021
Bahrain Grand Prix,Bahrain Grand Prix,22.539,GIO,2021
Bahrain Grand Prix,Bahrain Grand Prix,25.245,OCO,2021
Bahrain Grand Prix,Bahrain Grand Prix,24.46,OCO,2021
Bahrain Grand Prix,Bahrain Grand Prix,24.624,RUS,2021
Bahrain Grand Prix,Bahrain Grand Prix,24.248,RUS,2021
Bahrain Grand Prix,Bahrain Grand Prix,24.604,VET,2021
Bahrain Grand Prix,Bahrain Grand Prix,25.797,MSC,2021
Bahrain Grand Prix,Bahrain Grand Prix,25.382,MSC,2021
Bahrain Grand Prix,Bahrain Grand Prix,38.332,GAS,2021
Bahrain Grand Prix,Bahrain Grand Prix,24.337,GAS,2021
Bahrain Grand Prix,Bahrain Grand Prix,24.95,GAS,2021
Bahrain Grand Prix,Bahrain Grand Prix,,GAS,2021
Bahrain Grand Prix,Bahrain Grand Prix,25.965,LAT,2021
Bahrain Grand Prix,Bahrain Grand Prix,23.978,LAT,2021
Bahrain Grand Prix,Bahrain Grand Prix,,LAT,2021
Bahrain Grand Prix,Bahrain Grand Prix,24.377,ALO,2021
Bahrain Grand Prix,Bahrain Grand Prix,24.771,ALO,2021
Bahrain Grand Prix,Bahrain Grand Prix,,ALO,2021
Portuguese Grand Prix,Portuguese Grand Prix,21.548000000000002,GAS,2021
Portuguese Grand Prix,Portuguese Grand Prix,22.494,GAS,2021
Portuguese Grand Prix,Portuguese Grand Prix,26.13,GAS,2021
Portuguese Grand Prix,Portuguese Grand Prix,21.979,PER,2021
Portuguese Grand Prix,Portuguese Grand Prix,22.076,PER,2021
Portuguese Grand Prix,Portuguese Grand Prix,26.575,PER,2021
Portuguese Grand Prix,Portuguese Grand Prix,21.419,ALO,2021
Portuguese Grand Prix,Portuguese Grand Prix,21.681,ALO,2021
Portuguese Grand Prix,Portuguese Grand Prix,26.402,ALO,2021
Portuguese Grand Prix,Portuguese Grand Prix,21.528,LEC,2021
Portuguese Grand Prix,Portuguese Grand Prix,22.621,LEC,2021
Portuguese Grand Prix,Portuguese Grand Prix,28.176,LEC,2021
Portuguese Grand Prix,Portuguese Grand Prix,20.423,STR,2021
Portuguese Grand Prix,Portuguese Grand Prix,22.492,STR,2021
Portuguese Grand Prix,Portuguese Grand Prix,25.895,STR,2021
Portuguese Grand Prix,Portuguese Grand Prix,22.168,TSU,2021
Portuguese Grand Prix,Portuguese Grand Prix,22.494,TSU,2021
Portuguese Grand Prix,Portuguese Grand Prix,26.141,TSU,2021
Portuguese Grand Prix,Portuguese Grand Prix,21.977,RIC,2021
Portuguese Grand Prix,Portuguese Grand Prix,22.423,RIC,2021
Portuguese Grand Prix,Portuguese Grand Prix,28.605,RIC,2021
Portuguese Grand Prix,Portuguese Grand Prix,21.655,OCO,2021
Portuguese Grand Prix,Portuguese Grand Prix,22.275,OCO,2021
Portuguese Grand Prix,Portuguese Grand Prix,27.015,OCO,2021
Portuguese Grand Prix,Portuguese Grand Prix,22.791,VER,2021
Portuguese Grand Prix,Portuguese Grand Prix,22.107,VER,2021
Portuguese Grand Prix,Portuguese Grand Prix,26.778,VER,2021
Portuguese Grand Prix,Portuguese Grand Prix,26.328,VER,2021
Portuguese Grand Prix,Portuguese Grand Prix,22.251,NOR,2021
Portuguese Grand Prix,Portuguese Grand Prix,22.602,NOR,2021
Portuguese Grand Prix,Portuguese Grand Prix,26.942,NOR,2021
Portuguese Grand Prix,Portuguese Grand Prix,22.415,HAM,2021
Portuguese Grand Prix,Portuguese Grand Prix,22.129,HAM,2021
Portuguese Grand Prix,Portuguese Grand Prix,26.862,HAM,2021
Portuguese Grand Prix,Portuguese Grand Prix,18.653,MSC,2021
Portuguese Grand Prix,Portuguese Grand Prix,21.413,MSC,2021
Portuguese Grand Prix,Portuguese Grand Prix,27.298,MSC,2021
Portuguese Grand Prix,Portuguese Grand Prix,21.104,VET,2021
Portuguese Grand Prix,Portuguese Grand Prix,21.723,VET,2021
Portuguese Grand Prix,Portuguese Grand Prix,26.643,VET,2021
Portuguese Grand Prix,Portuguese Grand Prix,22.13,SAI,2021
Portuguese Grand Prix,Portuguese Grand Prix,22.285,SAI,2021
Portuguese Grand Prix,Portuguese Grand Prix,25.887,SAI,2021
Portuguese Grand Prix,Portuguese Grand Prix,22.027,LAT,2021
Portuguese Grand Prix,Portuguese Grand Prix,21.45,LAT,2021
Portuguese Grand Prix,Portuguese Grand Prix,26.311,LAT,2021
Portuguese Grand Prix,Portuguese Grand Prix,23.824,RUS,2021
Portuguese Grand Prix,Portuguese Grand Prix,23.09,RUS,2021
Portuguese Grand Prix,Portuguese Grand Prix,26.849,RUS,2021
Portuguese Grand Prix,Portuguese Grand Prix,21.348,BOT,2021
Portuguese Grand Prix,Portuguese Grand Prix,22.056,BOT,2021
Portuguese Grand Prix,Portuguese Grand Prix,26.938,BOT,2021
Portuguese Grand Prix,Portuguese Grand Prix,26.587,BOT,2021
Portuguese Grand Prix,Portuguese Grand Prix,21.058,MAZ,2021
Portuguese Grand Prix,Portuguese Grand Prix,21.483,MAZ,2021
Portuguese Grand Prix,Portuguese Grand Prix,27.192,MAZ,2021
Portuguese Grand Prix,Portuguese Grand Prix,26.97,MAZ,2021
Portuguese Grand Prix,Portuguese Grand Prix,22.548000000000002,GIO,2021
Portuguese Grand Prix,Portuguese Grand Prix,22.739,GIO,2021
Portuguese Grand Prix,Portuguese Grand Prix,26.598,GIO,2021
Spanish Grand Prix,Spanish Grand Prix,28.042,GAS,2021
Spanish Grand Prix,Spanish Grand Prix,26.053,GAS,2021
Spanish Grand Prix,Spanish Grand Prix,22.334,PER,2021
Spanish Grand Prix,Spanish Grand Prix,21.382,PER,2021
Spanish Grand Prix,Spanish Grand Prix,21.909,ALO,2021
Spanish Grand Prix,Spanish Grand Prix,23.461,ALO,2021
Spanish Grand Prix,Spanish Grand Prix,21.573,LEC,2021
Spanish Grand Prix,Spanish Grand Prix,22.271,LEC,2021
Spanish Grand Prix,Spanish Grand Prix,22.858,STR,2021
Spanish Grand Prix,Spanish Grand Prix,21.735,STR,2021
Spanish Grand Prix,Spanish Grand Prix,22.375,RIC,2021
Spanish Grand Prix,Spanish Grand Prix,21.721,RIC,2021
Spanish Grand Prix,Spanish Grand Prix,22.779,OCO,2021
Spanish Grand Prix,Spanish Grand Prix,23.66,VER,2021
Spanish Grand Prix,Spanish Grand Prix,21.591,VER,2021
Spanish Grand Prix,Spanish Grand Prix,21.829,NOR,2021
Spanish Grand Prix,Spanish Grand Prix,22.522,NOR,2021
Spanish Grand Prix,Spanish Grand Prix,22.203,HAM,2021
Spanish Grand Prix,Spanish Grand Prix,22.057,HAM,2021
Spanish Grand Prix,Spanish Grand Prix,23.986,MSC,2021
Spanish Grand Prix,Spanish Grand Prix,22.327,MSC,2021
Spanish Grand Prix,Spanish Grand Prix,22.741,VET,2021
Spanish Grand Prix,Spanish Grand Prix,21.843,VET,2021
Spanish Grand Prix,Spanish Grand Prix,21.896,SAI,2021
Spanish Grand Prix,Spanish Grand Prix,21.804,SAI,2021
Spanish Grand Prix,Spanish Grand Prix,26.917,LAT,2021
Spanish Grand Prix,Spanish Grand Prix,21.614,LAT,2021
Spanish Grand Prix,Spanish Grand Prix,22.67,LAT,2021
Spanish Grand Prix,Spanish Grand Prix,23.813,RUS,2021
Spanish Grand Prix,Spanish Grand Prix,22.291,RUS,2021
Spanish Grand Prix,Spanish Grand Prix,21.556,RAI,2021
Spanish Grand Prix,Spanish Grand Prix,22.299,BOT,2021
Spanish Grand Prix,Spanish Grand Prix,20.791,BOT,2021
Spanish Grand Prix,Spanish Grand Prix,23.069,MAZ,2021
Spanish Grand Prix,Spanish Grand Prix,22.444,MAZ,2021
Spanish Grand Prix,Spanish Grand Prix,54.67,GIO,2021
Spanish Grand Prix,Spanish Grand Prix,24.177,GIO,2021
Monaco Grand Prix,Monaco Grand Prix,23.459,VER,2021
Monaco Grand Prix,Monaco Grand Prix,23.893,SAI,2021
Monaco Grand Prix,Monaco Grand Prix,22.864,NOR,2021
Monaco Grand Prix,Monaco Grand Prix,24.298,PER,2021
Monaco Grand Prix,Monaco Grand Prix,24.348,VET,2021
Monaco Grand Prix,Monaco Grand Prix,24.165,GAS,2021
Monaco Grand Prix,Monaco Grand Prix,23.663,HAM,2021
Monaco Grand Prix,Monaco Grand Prix,24.006,HAM,2021
Monaco Grand Prix,Monaco Grand Prix,23.776,STR,2021
Monaco Grand Prix,Monaco Grand Prix,23.699,OCO,2021
Monaco Grand Prix,Monaco Grand Prix,24.288,GIO,2021
Monaco Grand Prix,Monaco Grand Prix,23.84,RAI,2021
Monaco Grand Prix,Monaco Grand Prix,24.613,RIC,2021
Monaco Grand Prix,Monaco Grand Prix,23.574,ALO,2021
Monaco Grand Prix,Monaco Grand Prix,23.671,RUS,2021
Monaco Grand Prix,Monaco Grand Prix,23.453,LAT,2021
Monaco Grand Prix,Monaco Grand Prix,24.226,TSU,2021
Monaco Grand Prix,Monaco Grand Prix,24.95,MAZ,2021
Monaco Grand Prix,Monaco Grand Prix,24.551,MSC,2021
Monaco Grand Prix,Monaco Grand Prix,,BOT,2021
Azerbaijan Grand Prix,Azerbaijan Grand Prix,20.183,GAS,2021
Azerbaijan Grand Prix,Azerbaijan Grand Prix,15.077,GAS,2021
Azerbaijan Grand Prix,Azerbaijan Grand Prix,2001.874,GAS,2021
Azerbaijan Grand Prix,Azerbaijan Grand Prix,21.845,PER,2021
Azerbaijan Grand Prix,Azerbaijan Grand Prix,15.344,PER,2021
Azerbaijan Grand Prix,Azerbaijan Grand Prix,1998.499,PER,2021
Azerbaijan Grand Prix,Azerbaijan Grand Prix,19.24,ALO,2021
Azerbaijan Grand Prix,Azerbaijan Grand Prix,19.934,ALO,2021
Azerbaijan Grand Prix,Azerbaijan Grand Prix,15.402,ALO,2021
Azerbaijan Grand Prix,Azerbaijan Grand Prix,2014.74,ALO,2021
Azerbaijan Grand Prix,Azerbaijan Grand Prix,19.035,LEC,2021
Azerbaijan Grand Prix,Azerbaijan Grand Prix,15.077,LEC,2021
Azerbaijan Grand Prix,Azerbaijan Grand Prix,2002.59,LEC,2021
Azerbaijan Grand Prix,Azerbaijan Grand Prix,20.189,TSU,2021
Azerbaijan Grand Prix,Azerbaijan Grand Prix,14.938,TSU,2021
Azerbaijan Grand Prix,Azerbaijan Grand Prix,2003.491,TSU,2021
Azerbaijan Grand Prix,Azerbaijan Grand Prix,20.054,RIC,2021
Azerbaijan Grand Prix,Azerbaijan Grand Prix,14.961,RIC,2021
Azerbaijan Grand Prix,Azerbaijan Grand Prix,2014.941,RIC,2021
Azerbaijan Grand Prix,Azerbaijan Grand Prix,,OCO,2021
Azerbaijan Grand Prix,Azerbaijan Grand Prix,19.753,VER,2021
Azerbaijan Grand Prix,Azerbaijan Grand Prix,20.541,NOR,2021
Azerbaijan Grand Prix,Azerbaijan Grand Prix,15.832,NOR,2021
Azerbaijan Grand Prix,Azerbaijan Grand Prix,2010.394,NOR,2021
Azerbaijan Grand Prix,Azerbaijan Grand Prix,22.558,HAM,2021
Azerbaijan Grand Prix,Azerbaijan Grand Prix,15.46,HAM,2021
Azerbaijan Grand Prix,Azerbaijan Grand Prix,2000.999,HAM,2021
Azerbaijan Grand Prix,Azerbaijan Grand Prix,22.455,MSC,2021
Azerbaijan Grand Prix,Azerbaijan Grand Prix,69.745,MSC,2021
Azerbaijan Grand Prix,Azerbaijan Grand Prix,21.562,MSC,2021
Azerbaijan Grand Prix,Azerbaijan Grand Prix,15.041,MSC,2021
Azerbaijan Grand Prix,Azerbaijan Grand Prix,2014.161,MSC,2021
Azerbaijan Grand Prix,Azerbaijan Grand Prix,19.863,VET,2021
Azerbaijan Grand Prix,Azerbaijan Grand Prix,14.92,VET,2021
Azerbaijan Grand Prix,Azerbaijan Grand Prix,2000.464,VET,2021
Azerbaijan Grand Prix,Azerbaijan Grand Prix,20.081,SAI,2021
Azerbaijan Grand Prix,Azerbaijan Grand Prix,15.091,SAI,2021
Azerbaijan Grand Prix,Azerbaijan Grand Prix,2012.675,SAI,2021
Azerbaijan Grand Prix,Azerbaijan Grand Prix,22.142,LAT,2021
Azerbaijan Grand Prix,Azerbaijan Grand Prix,2048.209,LAT,2021
Azerbaijan Grand Prix,Azerbaijan Grand Prix,18.997,RUS,2021
Azerbaijan Grand Prix,Azerbaijan Grand Prix,20.021,RUS,2021
Azerbaijan Grand Prix,Azerbaijan Grand Prix,21.426,RUS,2021
Azerbaijan Grand Prix,Azerbaijan Grand Prix,,RUS,2021
Azerbaijan Grand Prix,Azerbaijan Grand Prix,19.991,RAI,2021
Azerbaijan Grand Prix,Azerbaijan Grand Prix,15.086,RAI,2021
Azerbaijan Grand Prix,Azerbaijan Grand Prix,2016.665,RAI,2021
Azerbaijan Grand Prix,Azerbaijan Grand Prix,20.346,BOT,2021
Azerbaijan Grand Prix,Azerbaijan Grand Prix,21.302,BOT,2021
Azerbaijan Grand Prix,Azerbaijan Grand Prix,2035.197,BOT,2021
Azerbaijan Grand Prix,Azerbaijan Grand Prix,20.514,MAZ,2021
Azerbaijan Grand Prix,Azerbaijan Grand Prix,21.901,MAZ,2021
Azerbaijan Grand Prix,Azerbaijan Grand Prix,24.762,MAZ,2021
Azerbaijan Grand Prix,Azerbaijan Grand Prix,15.016,MAZ,2021
Azerbaijan Grand Prix,Azerbaijan Grand Prix,1828.971,MAZ,2021
Azerbaijan Grand Prix,Azerbaijan Grand Prix,86.444,MAZ,2021
Azerbaijan Grand Prix,Azerbaijan Grand Prix,20.396,GIO,2021
Azerbaijan Grand Prix,Azerbaijan Grand Prix,20.2,GIO,2021
Azerbaijan Grand Prix,Azerbaijan Grand Prix,14.894,GIO,2021
Azerbaijan Grand Prix,Azerbaijan Grand Prix,2017.307,GIO,2021
French Grand Prix,French Grand Prix,29.686,VER,2021
French Grand Prix,French Grand Prix,30.161,VER,2021
French Grand Prix,French Grand Prix,30.141,HAM,2021
French Grand Prix,French Grand Prix,29.731,PER,2021
French Grand Prix,French Grand Prix,30.481,BOT,2021
French Grand Prix,French Grand Prix,30.619,NOR,2021
French Grand Prix,French Grand Prix,29.949,RIC,2021
French Grand Prix,French Grand Prix,30.657,GAS,2021
French Grand Prix,French Grand Prix,31.196,ALO,2021
French Grand Prix,French Grand Prix,31.311,VET,2021
French Grand Prix,French Grand Prix,31.024,STR,2021
French Grand Prix,French Grand Prix,30.459,SAI,2021
French Grand Prix,French Grand Prix,30.441,RUS,2021
French Grand Prix,French Grand Prix,30.06,TSU,2021
French Grand Prix,French Grand Prix,30.079,OCO,2021
French Grand Prix,French Grand Prix,30.421,GIO,2021
French Grand Prix,French Grand Prix,30.769,LEC,2021
French Grand Prix,French Grand Prix,31.701999999999998,LEC,2021
French Grand Prix,French Grand Prix,31.207,RAI,2021
French Grand Prix,French Grand Prix,29.9,LAT,2021
French Grand Prix,French Grand Prix,29.926,MSC,2021
French Grand Prix,French Grand Prix,30.978,MAZ,2021
Styrian Grand Prix,Styrian Grand Prix,20.903,VER,2021
Styrian Grand Prix,Styrian Grand Prix,21.211,HAM,2021
Styrian Grand Prix,Styrian Grand Prix,21.657,HAM,2021
Styrian Grand Prix,Styrian Grand Prix,21.746,BOT,2021
Styrian Grand Prix,Styrian Grand Prix,22.982,PER,2021
Styrian Grand Prix,Styrian Grand Prix,20.972,PER,2021
Styrian Grand Prix,Styrian Grand Prix,21.931,NOR,2021
Styrian Grand Prix,Styrian Grand Prix,21.19,SAI,2021
Styrian Grand Prix,Styrian Grand Prix,28.383,LEC,2021
Styrian Grand Prix,Styrian Grand Prix,21.889,LEC,2021
Styrian Grand Prix,Styrian Grand Prix,20.916,STR,2021
Styrian Grand Prix,Styrian Grand Prix,21.108,ALO,2021
Styrian Grand Prix,Styrian Grand Prix,21.208,TSU,2021
Styrian Grand Prix,Styrian Grand Prix,21.268,RAI,2021
Styrian Grand Prix,Styrian Grand Prix,21.238,VET,2021
Styrian Grand Prix,Styrian Grand Prix,21.514,RIC,2021
Styrian Grand Prix,Styrian Grand Prix,21.222,OCO,2021
Styrian Grand Prix,Styrian Grand Prix,21.199,GIO,2021
Styrian Grand Prix,Styrian Grand Prix,22.418,MSC,2021
Styrian Grand Prix,Styrian Grand Prix,26.375,LAT,2021
Styrian Grand Prix,Styrian Grand Prix,21.985,LAT,2021
Styrian Grand Prix,Styrian Grand Prix,22.76,MAZ,2021
Styrian Grand Prix,Styrian Grand Prix,37.41,RUS,2021
Styrian Grand Prix,Styrian Grand Prix,46.294,RUS,2021
Styrian Grand Prix,Styrian Grand Prix,,RUS,2021
Styrian Grand Prix,Styrian Grand Prix,,GAS,2021
Austrian Grand Prix,Austrian Grand Prix,21.155,VER,2021
Austrian Grand Prix,Austrian Grand Prix,21.301,VER,2021
Austrian Grand Prix,Austrian Grand Prix,21.063,BOT,2021
Austrian Grand Prix,Austrian Grand Prix,26.447,NOR,2021
Austrian Grand Prix,Austrian Grand Prix,20.979,HAM,2021
Austrian Grand Prix,Austrian Grand Prix,20.663,HAM,2021
Austrian Grand Prix,Austrian Grand Prix,21.407,SAI,2021
Austrian Grand Prix,Austrian Grand Prix,21.712,PER,2021
Austrian Grand Prix,Austrian Grand Prix,21.14,RIC,2021
Austrian Grand Prix,Austrian Grand Prix,21.135,LEC,2021
Austrian Grand Prix,Austrian Grand Prix,22.56,GAS,2021
Austrian Grand Prix,Austrian Grand Prix,20.83,GAS,2021
Austrian Grand Prix,Austrian Grand Prix,22.68,ALO,2021
Austrian Grand Prix,Austrian Grand Prix,21.669,RUS,2021
Austrian Grand Prix,Austrian Grand Prix,21.161,TSU,2021
Austrian Grand Prix,Austrian Grand Prix,26.572,TSU,2021
Austrian Grand Prix,Austrian Grand Prix,21.152,STR,2021
Austrian Grand Prix,Austrian Grand Prix,21.203,STR,2021
Austrian Grand Prix,Austrian Grand Prix,17.913,GIO,2021
Austrian Grand Prix,Austrian Grand Prix,27.136,GIO,2021
Austrian Grand Prix,Austrian Grand Prix,21.856,RAI,2021
Austrian Grand Prix,Austrian Grand Prix,20.83,LAT,2021
Austrian Grand Prix,Austrian Grand Prix,20.71,VET,2021
Austrian Grand Prix,Austrian Grand Prix,20.564,VET,2021
Austrian Grand Prix,Austrian Grand Prix,,VET,2021
Austrian Grand Prix,Austrian Grand Prix,21.814,MSC,2021
Austrian Grand Prix,Austrian Grand Prix,21.99,MAZ,2021
Austrian Grand Prix,Austrian Grand Prix,23.263,MAZ,2021
British Grand Prix,British Grand Prix,2048.371,HAM,2021
British Grand Prix,British Grand Prix,40.269,HAM,2021
British Grand Prix,British Grand Prix,2047.849,LEC,2021
British Grand Prix,British Grand Prix,28.442,LEC,2021
British Grand Prix,British Grand Prix,2048.03,BOT,2021
British Grand Prix,British Grand Prix,28.914,BOT,2021
British Grand Prix,British Grand Prix,2052.498,NOR,2021
British Grand Prix,British Grand Prix,31.788,NOR,2021
British Grand Prix,British Grand Prix,2051.359,RIC,2021
British Grand Prix,British Grand Prix,28.846,RIC,2021
British Grand Prix,British Grand Prix,2059.127,SAI,2021
British Grand Prix,British Grand Prix,37.524,SAI,2021
British Grand Prix,British Grand Prix,2058.498,ALO,2021
British Grand Prix,British Grand Prix,29.661,ALO,2021
British Grand Prix,British Grand Prix,2068.13,STR,2021
British Grand Prix,British Grand Prix,28.209,STR,2021
British Grand Prix,British Grand Prix,2067.224,OCO,2021
British Grand Prix,British Grand Prix,28.772,OCO,2021
British Grand Prix,British Grand Prix,2075.698,TSU,2021
British Grand Prix,British Grand Prix,29.144,TSU,2021
British Grand Prix,British Grand Prix,2067.25,GAS,2021
British Grand Prix,British Grand Prix,28.71,GAS,2021
British Grand Prix,British Grand Prix,28.042,GAS,2021
British Grand Prix,British Grand Prix,2072.442,RUS,2021
British Grand Prix,British Grand Prix,27.792,RUS,2021
British Grand Prix,British Grand Prix,2070.476,GIO,2021
British Grand Prix,British Grand Prix,28.154,GIO,2021
British Grand Prix,British Grand Prix,2077.499,LAT,2021
British Grand Prix,British Grand Prix,27.521,LAT,2021
British Grand Prix,British Grand Prix,2063.0,RAI,2021
British Grand Prix,British Grand Prix,28.14,RAI,2021
British Grand Prix,British Grand Prix,2076.346,PER,2021
British Grand Prix,British Grand Prix,27.894,PER,2021
British Grand Prix,British Grand Prix,27.891,PER,2021
British Grand Prix,British Grand Prix,29.151,PER,2021
British Grand Prix,British Grand Prix,2076.977,MAZ,2021
British Grand Prix,British Grand Prix,29.264,MAZ,2021
British Grand Prix,British Grand Prix,2075.744,MSC,2021
British Grand Prix,British Grand Prix,29.344,MSC,2021
British Grand Prix,British Grand Prix,2055.224,VET,2021
British Grand Prix,British Grand Prix,28.482,VET,2021
British Grand Prix,British Grand Prix,,VET,2021
Belgian Grand Prix,Belgian Grand Prix,,VER,2021
Belgian Grand Prix,Belgian Grand Prix,,RUS,2021
Belgian Grand Prix,Belgian Grand Prix,,HAM,2021
Belgian Grand Prix,Belgian Grand Prix,,RIC,2021
Belgian Grand Prix,Belgian Grand Prix,,VET,2021
Belgian Grand Prix,Belgian Grand Prix,,GAS,2021
Belgian Grand Prix,Belgian Grand Prix,,OCO,2021
Belgian Grand Prix,Belgian Grand Prix,,LEC,2021
Belgian Grand Prix,Belgian Grand Prix,,LAT,2021
Belgian Grand Prix,Belgian Grand Prix,,SAI,2021
Belgian Grand Prix,Belgian Grand Prix,,ALO,2021
Belgian Grand Prix,Belgian Grand Prix,,BOT,2021
Belgian Grand Prix,Belgian Grand Prix,,GIO,2021
Belgian Grand Prix,Belgian Grand Prix,,NOR,2021
Belgian Grand Prix,Belgian Grand Prix,,TSU,2021
Belgian Grand Prix,Belgian Grand Prix,,MSC,2021
Belgian Grand Prix,Belgian Grand Prix,,MAZ,2021
Belgian Grand Prix,Belgian Grand Prix,,RAI,2021
Belgian Grand Prix,Belgian Grand Prix,,PER,2021
Belgian Grand Prix,Belgian Grand Prix,,STR,2021
Dutch Grand Prix,Dutch Grand Prix,19.198,VER,2021
Dutch Grand Prix,Dutch Grand Prix,18.579,VER,2021
Dutch Grand Prix,Dutch Grand Prix,19.88,HAM,2021
Dutch Grand Prix,Dutch Grand Prix,18.637,HAM,2021
Dutch Grand Prix,Dutch Grand Prix,19.0,HAM,2021
Dutch Grand Prix,Dutch Grand Prix,18.989,BOT,2021
Dutch Grand Prix,Dutch Grand Prix,21.826,BOT,2021
Dutch Grand Prix,Dutch Grand Prix,19.247,GAS,2021
Dutch Grand Prix,Dutch Grand Prix,19.583,LEC,2021
Dutch Grand Prix,Dutch Grand Prix,19.026,ALO,2021
Dutch Grand Prix,Dutch Grand Prix,20.001,SAI,2021
Dutch Grand Prix,Dutch Grand Prix,19.064,PER,2021
Dutch Grand Prix,Dutch Grand Prix,18.59,PER,2021
Dutch Grand Prix,Dutch Grand Prix,18.888,OCO,2021
Dutch Grand Prix,Dutch Grand Prix,20.433,NOR,2021
Dutch Grand Prix,Dutch Grand Prix,21.864,RIC,2021
Dutch Grand Prix,Dutch Grand Prix,19.406,STR,2021
Dutch Grand Prix,Dutch Grand Prix,18.638,VET,2021
Dutch Grand Prix,Dutch Grand Prix,17.074,VET,2021
Dutch Grand Prix,Dutch Grand Prix,18.8,GIO,2021
Dutch Grand Prix,Dutch Grand Prix,20.141,GIO,2021
Dutch Grand Prix,Dutch Grand Prix,19.839,KUB,2021
Dutch Grand Prix,Dutch Grand Prix,20.598,LAT,2021
Dutch Grand Prix,Dutch Grand Prix,18.287,RUS,2021
Dutch Grand Prix,Dutch Grand Prix,25.206,RUS,2021
Dutch Grand Prix,Dutch Grand Prix,,RUS,2021
Dutch Grand Prix,Dutch Grand Prix,35.596,MSC,2021
Dutch Grand Prix,Dutch Grand Prix,24.474,MSC,2021
Dutch Grand Prix,Dutch Grand Prix,19.854,TSU,2021
Dutch Grand Prix,Dutch Grand Prix,,TSU,2021
Dutch Grand Prix,Dutch Grand Prix,19.674,MAZ,2021
Dutch Grand Prix,Dutch Grand Prix,,MAZ,2021
Italian Grand Prix,Italian Grand Prix,,GAS,2021
Italian Grand Prix,Italian Grand Prix,23.884,PER,2021
Italian Grand Prix,Italian Grand Prix,24.771,ALO,2021
Italian Grand Prix,Italian Grand Prix,24.919,LEC,2021
Italian Grand Prix,Italian Grand Prix,24.502,STR,2021
Italian Grand Prix,Italian Grand Prix,23.787,RIC,2021
Italian Grand Prix,Italian Grand Prix,30.349,OCO,2021
Italian Grand Prix,Italian Grand Prix,32.475,VER,2021
Italian Grand Prix,Italian Grand Prix,24.123,NOR,2021
Italian Grand Prix,Italian Grand Prix,,HAM,2021
Italian Grand Prix,Italian Grand Prix,24.679,MSC,2021
Italian Grand Prix,Italian Grand Prix,24.853,VET,2021
Italian Grand Prix,Italian Grand Prix,25.616,VET,2021
Italian Grand Prix,Italian Grand Prix,24.298,SAI,2021
Italian Grand Prix,Italian Grand Prix,24.183,LAT,2021
Italian Grand Prix,Italian Grand Prix,24.159,RUS,2021
Italian Grand Prix,Italian Grand Prix,24.968,BOT,2021
Italian Grand Prix,Italian Grand Prix,29.133,KUB,2021
Italian Grand Prix,Italian Grand Prix,24.933,MAZ,2021
Italian Grand Prix,Italian Grand Prix,24.877,MAZ,2021
Italian Grand Prix,Italian Grand Prix,30.906,MAZ,2021
Italian Grand Prix,Italian Grand Prix,37.185,GIO,2021
Italian Grand Prix,Italian Grand Prix,30.578,GIO,2021
United States Grand Prix,United States Grand Prix,23.716,VER,2021
United States Grand Prix,United States Grand Prix,23.973,VER,2021
United States Grand Prix,United States Grand Prix,24.488,HAM,2021
United States Grand Prix,United States Grand Prix,23.605,HAM,2021
United States Grand Prix,United States Grand Prix,25.001,PER,2021
United States Grand Prix,United States Grand Prix,23.607,PER,2021
United States Grand Prix,United States Grand Prix,24.111,LEC,2021
United States Grand Prix,United States Grand Prix,23.811,LEC,2021
United States Grand Prix,United States Grand Prix,24.211,RIC,2021
United States Grand Prix,United States Grand Prix,24.103,RIC,2021
United States Grand Prix,United States Grand Prix,24.541,BOT,2021
United States Grand Prix,United States Grand Prix,23.632,BOT,2021
United States Grand Prix,United States Grand Prix,23.383,SAI,2021
United States Grand Prix,United States Grand Prix,26.88,SAI,2021
United States Grand Prix,United States Grand Prix,24.402,NOR,2021
United States Grand Prix,United States Grand Prix,25.526,NOR,2021
United States Grand Prix,United States Grand Prix,23.888,TSU,2021
United States Grand Prix,United States Grand Prix,23.454,TSU,2021
United States Grand Prix,United States Grand Prix,25.014,VET,2021
United States Grand Prix,United States Grand Prix,23.876,VET,2021
United States Grand Prix,United States Grand Prix,23.995,GIO,2021
United States Grand Prix,United States Grand Prix,23.49,GIO,2021
United States Grand Prix,United States Grand Prix,23.818,STR,2021
United States Grand Prix,United States Grand Prix,23.473,STR,2021
United States Grand Prix,United States Grand Prix,24.181,RAI,2021
United States Grand Prix,United States Grand Prix,24.062,RAI,2021
United States Grand Prix,United States Grand Prix,23.537,RUS,2021
United States Grand Prix,United States Grand Prix,26.318,RUS,2021
United States Grand Prix,United States Grand Prix,32.566,LAT,2021
United States Grand Prix,United States Grand Prix,23.649,LAT,2021
United States Grand Prix,United States Grand Prix,24.289,MSC,2021
United States Grand Prix,United States Grand Prix,24.225,MSC,2021
United States Grand Prix,United States Grand Prix,30.7,MAZ,2021
United States Grand Prix,United States Grand Prix,24.611,MAZ,2021
United States Grand Prix,United States Grand Prix,24.173,MAZ,2021
United States Grand Prix,United States Grand Prix,23.633,ALO,2021
United States Grand Prix,United States Grand Prix,23.528,ALO,2021
United States Grand Prix,United States Grand Prix,23.301,ALO,2021
United States Grand Prix,United States Grand Prix,,ALO,2021
United States Grand Prix,United States Grand Prix,40.75,OCO,2021
United States Grand Prix,United States Grand Prix,23.974,OCO,2021
United States Grand Prix,United States Grand Prix,,OCO,2021
United States Grand Prix,United States Grand Prix,28.247,GAS,2021
United States Grand Prix,United States Grand Prix,,GAS,2021
