LapNumber,GP,Year,TrackStatus,Label
1,Bahrain Grand Prix,2024,2,Yellow
2,Bahrain Grand Prix,2024,1,AllClear
3,Bahrain Grand Prix,2024,1,AllClear
4,Bahrain Grand Prix,2024,1,AllClear
5,Bahrain Grand Prix,2024,1,AllClear
6,Bahrain Grand Prix,2024,1,AllClear
7,Bahrain Grand Prix,2024,1,AllClear
8,Bahrain Grand Prix,2024,1,AllClear
9,Bahrain Grand Prix,2024,2,Yellow
10,Bahrain Grand Prix,2024,2,Yellow
11,Bahrain Grand Prix,2024,2,Yellow
12,Bahrain Grand Prix,2024,1,AllClear
13,Bahrain Grand Prix,2024,1,AllClear
14,Bahrain Grand Prix,2024,1,AllClear
15,Bahrain Grand Prix,2024,1,AllClear
16,Bahrain Grand Prix,2024,1,AllClear
17,Bahrain Grand Prix,2024,1,AllClear
18,Bahrain Grand Prix,2024,1,AllClear
19,Bahrain Grand Prix,2024,1,AllClear
20,Bahrain Grand Prix,2024,1,AllClear
21,Bahrain Grand Prix,2024,1,AllClear
22,Bahrain Grand Prix,2024,1,AllClear
23,Bahrain Grand Prix,2024,1,AllClear
24,Bahrain Grand Prix,2024,1,AllClear
25,Bahrain Grand Prix,2024,1,AllClear
26,Bahrain Grand Prix,2024,1,AllClear
27,Bahrain Grand Prix,2024,1,AllClear
28,Bahrain Grand Prix,2024,1,AllClear
29,Bahrain Grand Prix,2024,1,AllClear
30,Bahrain Grand Prix,2024,1,AllClear
31,Bahrain Grand Prix,2024,1,AllClear
32,Bahrain Grand Prix,2024,1,AllClear
33,Bahrain Grand Prix,2024,1,AllClear
34,Bahrain Grand Prix,2024,1,AllClear
35,Bahrain Grand Prix,2024,1,AllClear
36,Bahrain Grand Prix,2024,1,AllClear
37,Bahrain Grand Prix,2024,1,AllClear
38,Bahrain Grand Prix,2024,1,AllClear
39,Bahrain Grand Prix,2024,1,AllClear
40,Bahrain Grand Prix,2024,1,AllClear
41,Bahrain Grand Prix,2024,1,AllClear
42,Bahrain Grand Prix,2024,1,AllClear
43,Bahrain Grand Prix,2024,1,AllClear
44,Bahrain Grand Prix,2024,1,AllClear
45,Bahrain Grand Prix,2024,1,AllClear
46,Bahrain Grand Prix,2024,1,AllClear
47,Bahrain Grand Prix,2024,1,AllClear
48,Bahrain Grand Prix,2024,1,AllClear
49,Bahrain Grand Prix,2024,1,AllClear
50,Bahrain Grand Prix,2024,1,AllClear
51,Bahrain Grand Prix,2024,1,AllClear
52,Bahrain Grand Prix,2024,1,AllClear
53,Bahrain Grand Prix,2024,1,AllClear
54,Bahrain Grand Prix,2024,1,AllClear
55,Bahrain Grand Prix,2024,1,AllClear
56,Bahrain Grand Prix,2024,1,AllClear
57,Bahrain Grand Prix,2024,1,AllClear
1,Saudi Arabian Grand Prix,2024,1,AllClear
2,Saudi Arabian Grand Prix,2024,1,AllClear
3,Saudi Arabian Grand Prix,2024,1,AllClear
4,Saudi Arabian Grand Prix,2024,1,AllClear
5,Saudi Arabian Grand Prix,2024,1,AllClear
6,Saudi Arabian Grand Prix,2024,4,SafetyCar
7,Saudi Arabian Grand Prix,2024,4,SafetyCar
8,Saudi Arabian Grand Prix,2024,4,SafetyCar
9,Saudi Arabian Grand Prix,2024,4,SafetyCar
10,Saudi Arabian Grand Prix,2024,1,AllClear
11,Saudi Arabian Grand Prix,2024,1,AllClear
12,Saudi Arabian Grand Prix,2024,1,AllClear
13,Saudi Arabian Grand Prix,2024,1,AllClear
14,Saudi Arabian Grand Prix,2024,1,AllClear
15,Saudi Arabian Grand Prix,2024,1,AllClear
16,Saudi Arabian Grand Prix,2024,1,AllClear
17,Saudi Arabian Grand Prix,2024,1,AllClear
18,Saudi Arabian Grand Prix,2024,1,AllClear
19,Saudi Arabian Grand Prix,2024,1,AllClear
20,Saudi Arabian Grand Prix,2024,1,AllClear
21,Saudi Arabian Grand Prix,2024,1,AllClear
22,Saudi Arabian Grand Prix,2024,1,AllClear
23,Saudi Arabian Grand Prix,2024,1,AllClear
24,Saudi Arabian Grand Prix,2024,1,AllClear
25,Saudi Arabian Grand Prix,2024,1,AllClear
26,Saudi Arabian Grand Prix,2024,1,AllClear
27,Saudi Arabian Grand Prix,2024,1,AllClear
28,Saudi Arabian Grand Prix,2024,1,AllClear
29,Saudi Arabian Grand Prix,2024,1,AllClear
30,Saudi Arabian Grand Prix,2024,1,AllClear
31,Saudi Arabian Grand Prix,2024,1,AllClear
32,Saudi Arabian Grand Prix,2024,1,AllClear
33,Saudi Arabian Grand Prix,2024,1,AllClear
34,Saudi Arabian Grand Prix,2024,1,AllClear
35,Saudi Arabian Grand Prix,2024,1,AllClear
36,Saudi Arabian Grand Prix,2024,1,AllClear
37,Saudi Arabian Grand Prix,2024,1,AllClear
38,Saudi Arabian Grand Prix,2024,1,AllClear
39,Saudi Arabian Grand Prix,2024,1,AllClear
40,Saudi Arabian Grand Prix,2024,1,AllClear
41,Saudi Arabian Grand Prix,2024,1,AllClear
42,Saudi Arabian Grand Prix,2024,1,AllClear
43,Saudi Arabian Grand Prix,2024,1,AllClear
44,Saudi Arabian Grand Prix,2024,1,AllClear
45,Saudi Arabian Grand Prix,2024,1,AllClear
46,Saudi Arabian Grand Prix,2024,1,AllClear
47,Saudi Arabian Grand Prix,2024,1,AllClear
48,Saudi Arabian Grand Prix,2024,1,AllClear
49,Saudi Arabian Grand Prix,2024,1,AllClear
50,Saudi Arabian Grand Prix,2024,1,AllClear
1,Australian Grand Prix,2024,1,AllClear
2,Australian Grand Prix,2024,1,AllClear
3,Australian Grand Prix,2024,1,AllClear
4,Australian Grand Prix,2024,1,AllClear
5,Australian Grand Prix,2024,1,AllClear
6,Australian Grand Prix,2024,1,AllClear
7,Australian Grand Prix,2024,1,AllClear
8,Australian Grand Prix,2024,1,AllClear
9,Australian Grand Prix,2024,1,AllClear
10,Australian Grand Prix,2024,1,AllClear
11,Australian Grand Prix,2024,1,AllClear
12,Australian Grand Prix,2024,1,AllClear
13,Australian Grand Prix,2024,1,AllClear
14,Australian Grand Prix,2024,1,AllClear
15,Australian Grand Prix,2024,1,AllClear
16,Australian Grand Prix,2024,6,VSC
17,Australian Grand Prix,2024,6,VSC
18,Australian Grand Prix,2024,6,VSC
19,Australian Grand Prix,2024,1,AllClear
20,Australian Grand Prix,2024,1,AllClear
21,Australian Grand Prix,2024,1,AllClear
22,Australian Grand Prix,2024,1,AllClear
23,Australian Grand Prix,2024,1,AllClear
24,Australian Grand Prix,2024,1,AllClear
25,Australian Grand Prix,2024,1,AllClear
26,Australian Grand Prix,2024,1,AllClear
27,Australian Grand Prix,2024,1,AllClear
28,Australian Grand Prix,2024,1,AllClear
29,Australian Grand Prix,2024,1,AllClear
30,Australian Grand Prix,2024,1,AllClear
31,Australian Grand Prix,2024,1,AllClear
32,Australian Grand Prix,2024,1,AllClear
33,Australian Grand Prix,2024,1,AllClear
34,Australian Grand Prix,2024,1,AllClear
35,Australian Grand Prix,2024,1,AllClear
36,Australian Grand Prix,2024,1,AllClear
37,Australian Grand Prix,2024,1,AllClear
38,Australian Grand Prix,2024,1,AllClear
39,Australian Grand Prix,2024,1,AllClear
40,Australian Grand Prix,2024,1,AllClear
41,Australian Grand Prix,2024,1,AllClear
42,Australian Grand Prix,2024,1,AllClear
43,Australian Grand Prix,2024,1,AllClear
44,Australian Grand Prix,2024,1,AllClear
45,Australian Grand Prix,2024,1,AllClear
46,Australian Grand Prix,2024,1,AllClear
47,Australian Grand Prix,2024,1,AllClear
48,Australian Grand Prix,2024,1,AllClear
49,Australian Grand Prix,2024,1,AllClear
50,Australian Grand Prix,2024,1,AllClear
51,Australian Grand Prix,2024,1,AllClear
52,Australian Grand Prix,2024,1,AllClear
53,Australian Grand Prix,2024,1,AllClear
54,Australian Grand Prix,2024,1,AllClear
55,Australian Grand Prix,2024,1,AllClear
56,Australian Grand Prix,2024,6,VSC
57,Australian Grand Prix,2024,6,VSC
58,Australian Grand Prix,2024,6,VSC
1,Japanese Grand Prix,2024,2,Yellow
2,Japanese Grand Prix,2024,1,AllClear
3,Japanese Grand Prix,2024,1,AllClear
4,Japanese Grand Prix,2024,1,AllClear
5,Japanese Grand Prix,2024,1,AllClear
6,Japanese Grand Prix,2024,1,AllClear
7,Japanese Grand Prix,2024,1,AllClear
8,Japanese Grand Prix,2024,1,AllClear
9,Japanese Grand Prix,2024,1,AllClear
10,Japanese Grand Prix,2024,1,AllClear
11,Japanese Grand Prix,2024,1,AllClear
12,Japanese Grand Prix,2024,1,AllClear
13,Japanese Grand Prix,2024,1,AllClear
14,Japanese Grand Prix,2024,1,AllClear
15,Japanese Grand Prix,2024,1,AllClear
16,Japanese Grand Prix,2024,1,AllClear
17,Japanese Grand Prix,2024,1,AllClear
18,Japanese Grand Prix,2024,1,AllClear
19,Japanese Grand Prix,2024,1,AllClear
20,Japanese Grand Prix,2024,1,AllClear
21,Japanese Grand Prix,2024,1,AllClear
22,Japanese Grand Prix,2024,1,AllClear
23,Japanese Grand Prix,2024,1,AllClear
24,Japanese Grand Prix,2024,1,AllClear
25,Japanese Grand Prix,2024,1,AllClear
26,Japanese Grand Prix,2024,1,AllClear
27,Japanese Grand Prix,2024,1,AllClear
28,Japanese Grand Prix,2024,1,AllClear
29,Japanese Grand Prix,2024,1,AllClear
30,Japanese Grand Prix,2024,1,AllClear
31,Japanese Grand Prix,2024,1,AllClear
32,Japanese Grand Prix,2024,1,AllClear
33,Japanese Grand Prix,2024,1,AllClear
34,Japanese Grand Prix,2024,1,AllClear
35,Japanese Grand Prix,2024,1,AllClear
36,Japanese Grand Prix,2024,1,AllClear
37,Japanese Grand Prix,2024,1,AllClear
38,Japanese Grand Prix,2024,1,AllClear
39,Japanese Grand Prix,2024,1,AllClear
40,Japanese Grand Prix,2024,1,AllClear
41,Japanese Grand Prix,2024,2,Yellow
42,Japanese Grand Prix,2024,2,Yellow
43,Japanese Grand Prix,2024,1,AllClear
44,Japanese Grand Prix,2024,1,AllClear
45,Japanese Grand Prix,2024,1,AllClear
46,Japanese Grand Prix,2024,1,AllClear
47,Japanese Grand Prix,2024,1,AllClear
48,Japanese Grand Prix,2024,1,AllClear
49,Japanese Grand Prix,2024,1,AllClear
50,Japanese Grand Prix,2024,1,AllClear
51,Japanese Grand Prix,2024,1,AllClear
52,Japanese Grand Prix,2024,1,AllClear
53,Japanese Grand Prix,2024,1,AllClear
1,Chinese Grand Prix,2024,1,AllClear
2,Chinese Grand Prix,2024,1,AllClear
3,Chinese Grand Prix,2024,1,AllClear
4,Chinese Grand Prix,2024,1,AllClear
5,Chinese Grand Prix,2024,1,AllClear
6,Chinese Grand Prix,2024,1,AllClear
7,Chinese Grand Prix,2024,1,AllClear
8,Chinese Grand Prix,2024,1,AllClear
9,Chinese Grand Prix,2024,1,AllClear
10,Chinese Grand Prix,2024,1,AllClear
11,Chinese Grand Prix,2024,1,AllClear
12,Chinese Grand Prix,2024,1,AllClear
13,Chinese Grand Prix,2024,1,AllClear
14,Chinese Grand Prix,2024,1,AllClear
15,Chinese Grand Prix,2024,1,AllClear
16,Chinese Grand Prix,2024,1,AllClear
17,Chinese Grand Prix,2024,1,AllClear
18,Chinese Grand Prix,2024,1,AllClear
19,Chinese Grand Prix,2024,1,AllClear
20,Chinese Grand Prix,2024,2,Yellow
21,Chinese Grand Prix,2024,6,VSC
22,Chinese Grand Prix,2024,6,VSC
23,Chinese Grand Prix,2024,4,SafetyCar
24,Chinese Grand Prix,2024,4,SafetyCar
25,Chinese Grand Prix,2024,4,SafetyCar
26,Chinese Grand Prix,2024,4,SafetyCar
27,Chinese Grand Prix,2024,4,SafetyCar
28,Chinese Grand Prix,2024,4,SafetyCar
29,Chinese Grand Prix,2024,4,SafetyCar
30,Chinese Grand Prix,2024,4,SafetyCar
31,Chinese Grand Prix,2024,4,SafetyCar
32,Chinese Grand Prix,2024,1,AllClear
33,Chinese Grand Prix,2024,1,AllClear
34,Chinese Grand Prix,2024,1,AllClear
35,Chinese Grand Prix,2024,1,AllClear
36,Chinese Grand Prix,2024,1,AllClear
37,Chinese Grand Prix,2024,1,AllClear
38,Chinese Grand Prix,2024,1,AllClear
39,Chinese Grand Prix,2024,1,AllClear
40,Chinese Grand Prix,2024,1,AllClear
41,Chinese Grand Prix,2024,1,AllClear
42,Chinese Grand Prix,2024,1,AllClear
43,Chinese Grand Prix,2024,1,AllClear
44,Chinese Grand Prix,2024,1,AllClear
45,Chinese Grand Prix,2024,1,AllClear
46,Chinese Grand Prix,2024,1,AllClear
47,Chinese Grand Prix,2024,1,AllClear
48,Chinese Grand Prix,2024,1,AllClear
49,Chinese Grand Prix,2024,1,AllClear
50,Chinese Grand Prix,2024,1,AllClear
51,Chinese Grand Prix,2024,1,AllClear
52,Chinese Grand Prix,2024,1,AllClear
53,Chinese Grand Prix,2024,1,AllClear
54,Chinese Grand Prix,2024,1,AllClear
55,Chinese Grand Prix,2024,1,AllClear
56,Chinese Grand Prix,2024,1,AllClear
1,Miami Grand Prix,2024,1,AllClear
2,Miami Grand Prix,2024,1,AllClear
3,Miami Grand Prix,2024,1,AllClear
4,Miami Grand Prix,2024,1,AllClear
5,Miami Grand Prix,2024,1,AllClear
6,Miami Grand Prix,2024,1,AllClear
7,Miami Grand Prix,2024,1,AllClear
8,Miami Grand Prix,2024,1,AllClear
9,Miami Grand Prix,2024,1,AllClear
10,Miami Grand Prix,2024,1,AllClear
11,Miami Grand Prix,2024,1,AllClear
12,Miami Grand Prix,2024,1,AllClear
13,Miami Grand Prix,2024,1,AllClear
14,Miami Grand Prix,2024,1,AllClear
15,Miami Grand Prix,2024,1,AllClear
16,Miami Grand Prix,2024,1,AllClear
17,Miami Grand Prix,2024,1,AllClear
18,Miami Grand Prix,2024,1,AllClear
19,Miami Grand Prix,2024,1,AllClear
20,Miami Grand Prix,2024,1,AllClear
21,Miami Grand Prix,2024,1,AllClear
22,Miami Grand Prix,2024,6,VSC
23,Miami Grand Prix,2024,6,VSC
24,Miami Grand Prix,2024,1,AllClear
25,Miami Grand Prix,2024,1,AllClear
26,Miami Grand Prix,2024,1,AllClear
27,Miami Grand Prix,2024,1,AllClear
28,Miami Grand Prix,2024,4,SafetyCar
29,Miami Grand Prix,2024,4,SafetyCar
30,Miami Grand Prix,2024,4,SafetyCar
31,Miami Grand Prix,2024,4,SafetyCar
32,Miami Grand Prix,2024,4,SafetyCar
33,Miami Grand Prix,2024,1,AllClear
34,Miami Grand Prix,2024,1,AllClear
35,Miami Grand Prix,2024,1,AllClear
36,Miami Grand Prix,2024,1,AllClear
37,Miami Grand Prix,2024,1,AllClear
38,Miami Grand Prix,2024,1,AllClear
39,Miami Grand Prix,2024,1,AllClear
40,Miami Grand Prix,2024,1,AllClear
41,Miami Grand Prix,2024,1,AllClear
42,Miami Grand Prix,2024,1,AllClear
43,Miami Grand Prix,2024,1,AllClear
44,Miami Grand Prix,2024,1,AllClear
45,Miami Grand Prix,2024,1,AllClear
46,Miami Grand Prix,2024,1,AllClear
47,Miami Grand Prix,2024,1,AllClear
48,Miami Grand Prix,2024,1,AllClear
49,Miami Grand Prix,2024,1,AllClear
50,Miami Grand Prix,2024,1,AllClear
51,Miami Grand Prix,2024,1,AllClear
52,Miami Grand Prix,2024,1,AllClear
53,Miami Grand Prix,2024,1,AllClear
54,Miami Grand Prix,2024,1,AllClear
55,Miami Grand Prix,2024,1,AllClear
56,Miami Grand Prix,2024,1,AllClear
57,Miami Grand Prix,2024,1,AllClear
1,Emilia Romagna Grand Prix,2024,1,AllClear
2,Emilia Romagna Grand Prix,2024,1,AllClear
3,Emilia Romagna Grand Prix,2024,1,AllClear
4,Emilia Romagna Grand Prix,2024,1,AllClear
5,Emilia Romagna Grand Prix,2024,1,AllClear
6,Emilia Romagna Grand Prix,2024,1,AllClear
7,Emilia Romagna Grand Prix,2024,1,AllClear
8,Emilia Romagna Grand Prix,2024,1,AllClear
9,Emilia Romagna Grand Prix,2024,1,AllClear
10,Emilia Romagna Grand Prix,2024,1,AllClear
11,Emilia Romagna Grand Prix,2024,1,AllClear
12,Emilia Romagna Grand Prix,2024,1,AllClear
13,Emilia Romagna Grand Prix,2024,1,AllClear
14,Emilia Romagna Grand Prix,2024,1,AllClear
15,Emilia Romagna Grand Prix,2024,1,AllClear
16,Emilia Romagna Grand Prix,2024,1,AllClear
17,Emilia Romagna Grand Prix,2024,1,AllClear
18,Emilia Romagna Grand Prix,2024,1,AllClear
19,Emilia Romagna Grand Prix,2024,1,AllClear
20,Emilia Romagna Grand Prix,2024,1,AllClear
21,Emilia Romagna Grand Prix,2024,1,AllClear
22,Emilia Romagna Grand Prix,2024,1,AllClear
23,Emilia Romagna Grand Prix,2024,1,AllClear
24,Emilia Romagna Grand Prix,2024,1,AllClear
25,Emilia Romagna Grand Prix,2024,1,AllClear
26,Emilia Romagna Grand Prix,2024,1,AllClear
27,Emilia Romagna Grand Prix,2024,1,AllClear
28,Emilia Romagna Grand Prix,2024,1,AllClear
29,Emilia Romagna Grand Prix,2024,1,AllClear
30,Emilia Romagna Grand Prix,2024,1,AllClear
31,Emilia Romagna Grand Prix,2024,1,AllClear
32,Emilia Romagna Grand Prix,2024,1,AllClear
33,Emilia Romagna Grand Prix,2024,1,AllClear
34,Emilia Romagna Grand Prix,2024,1,AllClear
35,Emilia Romagna Grand Prix,2024,1,AllClear
36,Emilia Romagna Grand Prix,2024,1,AllClear
37,Emilia Romagna Grand Prix,2024,1,AllClear
38,Emilia Romagna Grand Prix,2024,1,AllClear
39,Emilia Romagna Grand Prix,2024,1,AllClear
40,Emilia Romagna Grand Prix,2024,1,AllClear
41,Emilia Romagna Grand Prix,2024,1,AllClear
42,Emilia Romagna Grand Prix,2024,1,AllClear
43,Emilia Romagna Grand Prix,2024,1,AllClear
44,Emilia Romagna Grand Prix,2024,1,AllClear
45,Emilia Romagna Grand Prix,2024,1,AllClear
46,Emilia Romagna Grand Prix,2024,1,AllClear
47,Emilia Romagna Grand Prix,2024,1,AllClear
48,Emilia Romagna Grand Prix,2024,1,AllClear
49,Emilia Romagna Grand Prix,2024,1,AllClear
50,Emilia Romagna Grand Prix,2024,1,AllClear
51,Emilia Romagna Grand Prix,2024,1,AllClear
52,Emilia Romagna Grand Prix,2024,1,AllClear
53,Emilia Romagna Grand Prix,2024,1,AllClear
54,Emilia Romagna Grand Prix,2024,1,AllClear
55,Emilia Romagna Grand Prix,2024,1,AllClear
56,Emilia Romagna Grand Prix,2024,1,AllClear
57,Emilia Romagna Grand Prix,2024,1,AllClear
58,Emilia Romagna Grand Prix,2024,1,AllClear
59,Emilia Romagna Grand Prix,2024,1,AllClear
60,Emilia Romagna Grand Prix,2024,1,AllClear
61,Emilia Romagna Grand Prix,2024,1,AllClear
62,Emilia Romagna Grand Prix,2024,1,AllClear
63,Emilia Romagna Grand Prix,2024,1,AllClear
1,Monaco Grand Prix,2024,4,SafetyCar
2,Monaco Grand Prix,2024,4,SafetyCar
3,Monaco Grand Prix,2024,1,AllClear
4,Monaco Grand Prix,2024,1,AllClear
5,Monaco Grand Prix,2024,1,AllClear
6,Monaco Grand Prix,2024,1,AllClear
7,Monaco Grand Prix,2024,1,AllClear
8,Monaco Grand Prix,2024,1,AllClear
9,Monaco Grand Prix,2024,1,AllClear
10,Monaco Grand Prix,2024,1,AllClear
11,Monaco Grand Prix,2024,1,AllClear
12,Monaco Grand Prix,2024,1,AllClear
13,Monaco Grand Prix,2024,1,AllClear
14,Monaco Grand Prix,2024,1,AllClear
15,Monaco Grand Prix,2024,1,AllClear
16,Monaco Grand Prix,2024,1,AllClear
17,Monaco Grand Prix,2024,1,AllClear
18,Monaco Grand Prix,2024,1,AllClear
19,Monaco Grand Prix,2024,1,AllClear
20,Monaco Grand Prix,2024,1,AllClear
21,Monaco Grand Prix,2024,1,AllClear
22,Monaco Grand Prix,2024,1,AllClear
23,Monaco Grand Prix,2024,1,AllClear
24,Monaco Grand Prix,2024,1,AllClear
25,Monaco Grand Prix,2024,1,AllClear
26,Monaco Grand Prix,2024,1,AllClear
27,Monaco Grand Prix,2024,1,AllClear
28,Monaco Grand Prix,2024,1,AllClear
29,Monaco Grand Prix,2024,1,AllClear
30,Monaco Grand Prix,2024,1,AllClear
31,Monaco Grand Prix,2024,1,AllClear
32,Monaco Grand Prix,2024,1,AllClear
33,Monaco Grand Prix,2024,1,AllClear
34,Monaco Grand Prix,2024,1,AllClear
35,Monaco Grand Prix,2024,1,AllClear
36,Monaco Grand Prix,2024,1,AllClear
37,Monaco Grand Prix,2024,1,AllClear
38,Monaco Grand Prix,2024,1,AllClear
39,Monaco Grand Prix,2024,1,AllClear
40,Monaco Grand Prix,2024,1,AllClear
41,Monaco Grand Prix,2024,1,AllClear
42,Monaco Grand Prix,2024,1,AllClear
43,Monaco Grand Prix,2024,1,AllClear
44,Monaco Grand Prix,2024,1,AllClear
45,Monaco Grand Prix,2024,1,AllClear
46,Monaco Grand Prix,2024,1,AllClear
47,Monaco Grand Prix,2024,1,AllClear
48,Monaco Grand Prix,2024,1,AllClear
49,Monaco Grand Prix,2024,1,AllClear
50,Monaco Grand Prix,2024,1,AllClear
51,Monaco Grand Prix,2024,2,Yellow
52,Monaco Grand Prix,2024,2,Yellow
53,Monaco Grand Prix,2024,2,Yellow
54,Monaco Grand Prix,2024,1,AllClear
55,Monaco Grand Prix,2024,1,AllClear
56,Monaco Grand Prix,2024,1,AllClear
57,Monaco Grand Prix,2024,1,AllClear
58,Monaco Grand Prix,2024,1,AllClear
59,Monaco Grand Prix,2024,1,AllClear
60,Monaco Grand Prix,2024,1,AllClear
61,Monaco Grand Prix,2024,1,AllClear
62,Monaco Grand Prix,2024,1,AllClear
63,Monaco Grand Prix,2024,1,AllClear
64,Monaco Grand Prix,2024,1,AllClear
65,Monaco Grand Prix,2024,1,AllClear
66,Monaco Grand Prix,2024,1,AllClear
67,Monaco Grand Prix,2024,1,AllClear
68,Monaco Grand Prix,2024,1,AllClear
69,Monaco Grand Prix,2024,1,AllClear
70,Monaco Grand Prix,2024,1,AllClear
71,Monaco Grand Prix,2024,1,AllClear
72,Monaco Grand Prix,2024,1,AllClear
73,Monaco Grand Prix,2024,1,AllClear
74,Monaco Grand Prix,2024,1,AllClear
75,Monaco Grand Prix,2024,1,AllClear
76,Monaco Grand Prix,2024,1,AllClear
77,Monaco Grand Prix,2024,1,AllClear
78,Monaco Grand Prix,2024,1,AllClear
1,Spanish Grand Prix,2024,1,AllClear
2,Spanish Grand Prix,2024,1,AllClear
3,Spanish Grand Prix,2024,1,AllClear
4,Spanish Grand Prix,2024,1,AllClear
5,Spanish Grand Prix,2024,1,AllClear
6,Spanish Grand Prix,2024,1,AllClear
7,Spanish Grand Prix,2024,1,AllClear
8,Spanish Grand Prix,2024,1,AllClear
9,Spanish Grand Prix,2024,1,AllClear
10,Spanish Grand Prix,2024,1,AllClear
11,Spanish Grand Prix,2024,1,AllClear
12,Spanish Grand Prix,2024,1,AllClear
13,Spanish Grand Prix,2024,1,AllClear
14,Spanish Grand Prix,2024,1,AllClear
15,Spanish Grand Prix,2024,1,AllClear
16,Spanish Grand Prix,2024,1,AllClear
17,Spanish Grand Prix,2024,1,AllClear
18,Spanish Grand Prix,2024,1,AllClear
19,Spanish Grand Prix,2024,1,AllClear
20,Spanish Grand Prix,2024,1,AllClear
21,Spanish Grand Prix,2024,1,AllClear
22,Spanish Grand Prix,2024,1,AllClear
23,Spanish Grand Prix,2024,1,AllClear
24,Spanish Grand Prix,2024,1,AllClear
25,Spanish Grand Prix,2024,1,AllClear
26,Spanish Grand Prix,2024,1,AllClear
27,Spanish Grand Prix,2024,1,AllClear
28,Spanish Grand Prix,2024,1,AllClear
29,Spanish Grand Prix,2024,1,AllClear
30,Spanish Grand Prix,2024,1,AllClear
31,Spanish Grand Prix,2024,1,AllClear
32,Spanish Grand Prix,2024,1,AllClear
33,Spanish Grand Prix,2024,1,AllClear
34,Spanish Grand Prix,2024,1,AllClear
35,Spanish Grand Prix,2024,1,AllClear
36,Spanish Grand Prix,2024,1,AllClear
37,Spanish Grand Prix,2024,1,AllClear
38,Spanish Grand Prix,2024,1,AllClear
39,Spanish Grand Prix,2024,1,AllClear
40,Spanish Grand Prix,2024,1,AllClear
41,Spanish Grand Prix,2024,1,AllClear
42,Spanish Grand Prix,2024,1,AllClear
43,Spanish Grand Prix,2024,1,AllClear
44,Spanish Grand Prix,2024,1,AllClear
45,Spanish Grand Prix,2024,1,AllClear
46,Spanish Grand Prix,2024,1,AllClear
47,Spanish Grand Prix,2024,1,AllClear
48,Spanish Grand Prix,2024,1,AllClear
49,Spanish Grand Prix,2024,1,AllClear
50,Spanish Grand Prix,2024,1,AllClear
51,Spanish Grand Prix,2024,1,AllClear
52,Spanish Grand Prix,2024,1,AllClear
53,Spanish Grand Prix,2024,1,AllClear
54,Spanish Grand Prix,2024,1,AllClear
55,Spanish Grand Prix,2024,1,AllClear
56,Spanish Grand Prix,2024,1,AllClear
57,Spanish Grand Prix,2024,1,AllClear
58,Spanish Grand Prix,2024,1,AllClear
59,Spanish Grand Prix,2024,1,AllClear
60,Spanish Grand Prix,2024,1,AllClear
61,Spanish Grand Prix,2024,1,AllClear
62,Spanish Grand Prix,2024,1,AllClear
63,Spanish Grand Prix,2024,1,AllClear
64,Spanish Grand Prix,2024,1,AllClear
65,Spanish Grand Prix,2024,1,AllClear
66,Spanish Grand Prix,2024,1,AllClear
1,Austrian Grand Prix,2024,1,AllClear
2,Austrian Grand Prix,2024,1,AllClear
3,Austrian Grand Prix,2024,1,AllClear
4,Austrian Grand Prix,2024,1,AllClear
5,Austrian Grand Prix,2024,1,AllClear
6,Austrian Grand Prix,2024,1,AllClear
7,Austrian Grand Prix,2024,1,AllClear
8,Austrian Grand Prix,2024,1,AllClear
9,Austrian Grand Prix,2024,1,AllClear
10,Austrian Grand Prix,2024,1,AllClear
11,Austrian Grand Prix,2024,1,AllClear
12,Austrian Grand Prix,2024,1,AllClear
13,Austrian Grand Prix,2024,1,AllClear
14,Austrian Grand Prix,2024,1,AllClear
15,Austrian Grand Prix,2024,1,AllClear
16,Austrian Grand Prix,2024,1,AllClear
17,Austrian Grand Prix,2024,1,AllClear
18,Austrian Grand Prix,2024,1,AllClear
19,Austrian Grand Prix,2024,1,AllClear
20,Austrian Grand Prix,2024,1,AllClear
21,Austrian Grand Prix,2024,1,AllClear
22,Austrian Grand Prix,2024,1,AllClear
23,Austrian Grand Prix,2024,1,AllClear
24,Austrian Grand Prix,2024,1,AllClear
25,Austrian Grand Prix,2024,1,AllClear
26,Austrian Grand Prix,2024,1,AllClear
27,Austrian Grand Prix,2024,1,AllClear
28,Austrian Grand Prix,2024,1,AllClear
29,Austrian Grand Prix,2024,1,AllClear
30,Austrian Grand Prix,2024,1,AllClear
31,Austrian Grand Prix,2024,1,AllClear
32,Austrian Grand Prix,2024,1,AllClear
33,Austrian Grand Prix,2024,1,AllClear
34,Austrian Grand Prix,2024,1,AllClear
35,Austrian Grand Prix,2024,1,AllClear
36,Austrian Grand Prix,2024,1,AllClear
37,Austrian Grand Prix,2024,1,AllClear
38,Austrian Grand Prix,2024,1,AllClear
39,Austrian Grand Prix,2024,1,AllClear
40,Austrian Grand Prix,2024,1,AllClear
41,Austrian Grand Prix,2024,1,AllClear
42,Austrian Grand Prix,2024,1,AllClear
43,Austrian Grand Prix,2024,1,AllClear
44,Austrian Grand Prix,2024,1,AllClear
45,Austrian Grand Prix,2024,1,AllClear
46,Austrian Grand Prix,2024,1,AllClear
47,Austrian Grand Prix,2024,1,AllClear
48,Austrian Grand Prix,2024,1,AllClear
49,Austrian Grand Prix,2024,1,AllClear
50,Austrian Grand Prix,2024,1,AllClear
51,Austrian Grand Prix,2024,1,AllClear
52,Austrian Grand Prix,2024,1,AllClear
53,Austrian Grand Prix,2024,1,AllClear
54,Austrian Grand Prix,2024,1,AllClear
55,Austrian Grand Prix,2024,1,AllClear
56,Austrian Grand Prix,2024,1,AllClear
57,Austrian Grand Prix,2024,1,AllClear
58,Austrian Grand Prix,2024,1,AllClear
59,Austrian Grand Prix,2024,1,AllClear
60,Austrian Grand Prix,2024,1,AllClear
61,Austrian Grand Prix,2024,1,AllClear
62,Austrian Grand Prix,2024,2,Yellow
63,Austrian Grand Prix,2024,2,Yellow
64,Austrian Grand Prix,2024,6,VSC
65,Austrian Grand Prix,2024,6,VSC
66,Austrian Grand Prix,2024,6,VSC
67,Austrian Grand Prix,2024,1,AllClear
68,Austrian Grand Prix,2024,1,AllClear
69,Austrian Grand Prix,2024,1,AllClear
70,Austrian Grand Prix,2024,1,AllClear
71,Austrian Grand Prix,2024,1,AllClear
1,Hungarian Grand Prix,2024,1,AllClear
2,Hungarian Grand Prix,2024,1,AllClear
3,Hungarian Grand Prix,2024,1,AllClear
4,Hungarian Grand Prix,2024,1,AllClear
5,Hungarian Grand Prix,2024,1,AllClear
6,Hungarian Grand Prix,2024,1,AllClear
7,Hungarian Grand Prix,2024,1,AllClear
8,Hungarian Grand Prix,2024,1,AllClear
9,Hungarian Grand Prix,2024,1,AllClear
10,Hungarian Grand Prix,2024,1,AllClear
11,Hungarian Grand Prix,2024,1,AllClear
12,Hungarian Grand Prix,2024,1,AllClear
13,Hungarian Grand Prix,2024,1,AllClear
14,Hungarian Grand Prix,2024,1,AllClear
15,Hungarian Grand Prix,2024,1,AllClear
16,Hungarian Grand Prix,2024,1,AllClear
17,Hungarian Grand Prix,2024,1,AllClear
18,Hungarian Grand Prix,2024,1,AllClear
19,Hungarian Grand Prix,2024,1,AllClear
20,Hungarian Grand Prix,2024,1,AllClear
21,Hungarian Grand Prix,2024,1,AllClear
22,Hungarian Grand Prix,2024,1,AllClear
23,Hungarian Grand Prix,2024,1,AllClear
24,Hungarian Grand Prix,2024,1,AllClear
25,Hungarian Grand Prix,2024,1,AllClear
26,Hungarian Grand Prix,2024,1,AllClear
27,Hungarian Grand Prix,2024,1,AllClear
28,Hungarian Grand Prix,2024,1,AllClear
29,Hungarian Grand Prix,2024,1,AllClear
30,Hungarian Grand Prix,2024,1,AllClear
31,Hungarian Grand Prix,2024,1,AllClear
32,Hungarian Grand Prix,2024,1,AllClear
33,Hungarian Grand Prix,2024,1,AllClear
34,Hungarian Grand Prix,2024,1,AllClear
35,Hungarian Grand Prix,2024,1,AllClear
36,Hungarian Grand Prix,2024,1,AllClear
37,Hungarian Grand Prix,2024,1,AllClear
38,Hungarian Grand Prix,2024,1,AllClear
39,Hungarian Grand Prix,2024,1,AllClear
40,Hungarian Grand Prix,2024,1,AllClear
41,Hungarian Grand Prix,2024,1,AllClear
42,Hungarian Grand Prix,2024,1,AllClear
43,Hungarian Grand Prix,2024,1,AllClear
44,Hungarian Grand Prix,2024,1,AllClear
45,Hungarian Grand Prix,2024,1,AllClear
46,Hungarian Grand Prix,2024,1,AllClear
47,Hungarian Grand Prix,2024,1,AllClear
48,Hungarian Grand Prix,2024,1,AllClear
49,Hungarian Grand Prix,2024,1,AllClear
50,Hungarian Grand Prix,2024,1,AllClear
51,Hungarian Grand Prix,2024,1,AllClear
52,Hungarian Grand Prix,2024,1,AllClear
53,Hungarian Grand Prix,2024,1,AllClear
54,Hungarian Grand Prix,2024,1,AllClear
55,Hungarian Grand Prix,2024,1,AllClear
56,Hungarian Grand Prix,2024,1,AllClear
57,Hungarian Grand Prix,2024,1,AllClear
58,Hungarian Grand Prix,2024,1,AllClear
59,Hungarian Grand Prix,2024,1,AllClear
60,Hungarian Grand Prix,2024,1,AllClear
61,Hungarian Grand Prix,2024,2,Yellow
62,Hungarian Grand Prix,2024,2,Yellow
63,Hungarian Grand Prix,2024,2,Yellow
64,Hungarian Grand Prix,2024,1,AllClear
65,Hungarian Grand Prix,2024,1,AllClear
66,Hungarian Grand Prix,2024,1,AllClear
67,Hungarian Grand Prix,2024,1,AllClear
68,Hungarian Grand Prix,2024,1,AllClear
69,Hungarian Grand Prix,2024,1,AllClear
70,Hungarian Grand Prix,2024,1,AllClear
1,Belgian Grand Prix,2024,1,AllClear
2,Belgian Grand Prix,2024,1,AllClear
3,Belgian Grand Prix,2024,1,AllClear
4,Belgian Grand Prix,2024,1,AllClear
5,Belgian Grand Prix,2024,1,AllClear
6,Belgian Grand Prix,2024,1,AllClear
7,Belgian Grand Prix,2024,1,AllClear
8,Belgian Grand Prix,2024,1,AllClear
9,Belgian Grand Prix,2024,1,AllClear
10,Belgian Grand Prix,2024,1,AllClear
11,Belgian Grand Prix,2024,1,AllClear
12,Belgian Grand Prix,2024,1,AllClear
13,Belgian Grand Prix,2024,1,AllClear
14,Belgian Grand Prix,2024,1,AllClear
15,Belgian Grand Prix,2024,2,Yellow
16,Belgian Grand Prix,2024,1,AllClear
17,Belgian Grand Prix,2024,1,AllClear
18,Belgian Grand Prix,2024,1,AllClear
19,Belgian Grand Prix,2024,1,AllClear
20,Belgian Grand Prix,2024,1,AllClear
21,Belgian Grand Prix,2024,1,AllClear
22,Belgian Grand Prix,2024,1,AllClear
23,Belgian Grand Prix,2024,1,AllClear
24,Belgian Grand Prix,2024,1,AllClear
25,Belgian Grand Prix,2024,1,AllClear
26,Belgian Grand Prix,2024,1,AllClear
27,Belgian Grand Prix,2024,1,AllClear
28,Belgian Grand Prix,2024,1,AllClear
29,Belgian Grand Prix,2024,1,AllClear
30,Belgian Grand Prix,2024,1,AllClear
31,Belgian Grand Prix,2024,1,AllClear
32,Belgian Grand Prix,2024,1,AllClear
33,Belgian Grand Prix,2024,1,AllClear
34,Belgian Grand Prix,2024,1,AllClear
35,Belgian Grand Prix,2024,1,AllClear
36,Belgian Grand Prix,2024,1,AllClear
37,Belgian Grand Prix,2024,1,AllClear
38,Belgian Grand Prix,2024,1,AllClear
39,Belgian Grand Prix,2024,1,AllClear
40,Belgian Grand Prix,2024,1,AllClear
41,Belgian Grand Prix,2024,1,AllClear
42,Belgian Grand Prix,2024,1,AllClear
43,Belgian Grand Prix,2024,1,AllClear
44,Belgian Grand Prix,2024,1,AllClear
1,Dutch Grand Prix,2024,1,AllClear
2,Dutch Grand Prix,2024,1,AllClear
3,Dutch Grand Prix,2024,1,AllClear
4,Dutch Grand Prix,2024,1,AllClear
5,Dutch Grand Prix,2024,1,AllClear
6,Dutch Grand Prix,2024,1,AllClear
7,Dutch Grand Prix,2024,1,AllClear
8,Dutch Grand Prix,2024,1,AllClear
9,Dutch Grand Prix,2024,1,AllClear
10,Dutch Grand Prix,2024,1,AllClear
11,Dutch Grand Prix,2024,1,AllClear
12,Dutch Grand Prix,2024,1,AllClear
13,Dutch Grand Prix,2024,1,AllClear
14,Dutch Grand Prix,2024,1,AllClear
15,Dutch Grand Prix,2024,1,AllClear
16,Dutch Grand Prix,2024,1,AllClear
17,Dutch Grand Prix,2024,1,AllClear
18,Dutch Grand Prix,2024,1,AllClear
19,Dutch Grand Prix,2024,1,AllClear
20,Dutch Grand Prix,2024,1,AllClear
21,Dutch Grand Prix,2024,1,AllClear
22,Dutch Grand Prix,2024,1,AllClear
23,Dutch Grand Prix,2024,1,AllClear
24,Dutch Grand Prix,2024,1,AllClear
25,Dutch Grand Prix,2024,1,AllClear
26,Dutch Grand Prix,2024,1,AllClear
27,Dutch Grand Prix,2024,1,AllClear
28,Dutch Grand Prix,2024,1,AllClear
29,Dutch Grand Prix,2024,1,AllClear
30,Dutch Grand Prix,2024,1,AllClear
31,Dutch Grand Prix,2024,1,AllClear
32,Dutch Grand Prix,2024,1,AllClear
33,Dutch Grand Prix,2024,1,AllClear
34,Dutch Grand Prix,2024,1,AllClear
35,Dutch Grand Prix,2024,1,AllClear
36,Dutch Grand Prix,2024,1,AllClear
37,Dutch Grand Prix,2024,1,AllClear
38,Dutch Grand Prix,2024,1,AllClear
39,Dutch Grand Prix,2024,1,AllClear
40,Dutch Grand Prix,2024,1,AllClear
41,Dutch Grand Prix,2024,1,AllClear
42,Dutch Grand Prix,2024,1,AllClear
43,Dutch Grand Prix,2024,1,AllClear
44,Dutch Grand Prix,2024,1,AllClear
45,Dutch Grand Prix,2024,1,AllClear
46,Dutch Grand Prix,2024,1,AllClear
47,Dutch Grand Prix,2024,1,AllClear
48,Dutch Grand Prix,2024,1,AllClear
49,Dutch Grand Prix,2024,1,AllClear
50,Dutch Grand Prix,2024,1,AllClear
51,Dutch Grand Prix,2024,1,AllClear
52,Dutch Grand Prix,2024,1,AllClear
53,Dutch Grand Prix,2024,1,AllClear
54,Dutch Grand Prix,2024,1,AllClear
55,Dutch Grand Prix,2024,1,AllClear
56,Dutch Grand Prix,2024,1,AllClear
57,Dutch Grand Prix,2024,1,AllClear
58,Dutch Grand Prix,2024,1,AllClear
59,Dutch Grand Prix,2024,1,AllClear
60,Dutch Grand Prix,2024,1,AllClear
61,Dutch Grand Prix,2024,1,AllClear
62,Dutch Grand Prix,2024,1,AllClear
63,Dutch Grand Prix,2024,1,AllClear
64,Dutch Grand Prix,2024,1,AllClear
65,Dutch Grand Prix,2024,1,AllClear
66,Dutch Grand Prix,2024,1,AllClear
67,Dutch Grand Prix,2024,1,AllClear
68,Dutch Grand Prix,2024,1,AllClear
69,Dutch Grand Prix,2024,1,AllClear
70,Dutch Grand Prix,2024,1,AllClear
71,Dutch Grand Prix,2024,1,AllClear
72,Dutch Grand Prix,2024,1,AllClear
1,Italian Grand Prix,2024,1,AllClear
2,Italian Grand Prix,2024,1,AllClear
3,Italian Grand Prix,2024,1,AllClear
4,Italian Grand Prix,2024,1,AllClear
5,Italian Grand Prix,2024,1,AllClear
6,Italian Grand Prix,2024,1,AllClear
7,Italian Grand Prix,2024,1,AllClear
8,Italian Grand Prix,2024,1,AllClear
9,Italian Grand Prix,2024,1,AllClear
10,Italian Grand Prix,2024,1,AllClear
11,Italian Grand Prix,2024,1,AllClear
12,Italian Grand Prix,2024,1,AllClear
13,Italian Grand Prix,2024,1,AllClear
14,Italian Grand Prix,2024,1,AllClear
15,Italian Grand Prix,2024,1,AllClear
16,Italian Grand Prix,2024,1,AllClear
17,Italian Grand Prix,2024,1,AllClear
18,Italian Grand Prix,2024,1,AllClear
19,Italian Grand Prix,2024,1,AllClear
20,Italian Grand Prix,2024,1,AllClear
21,Italian Grand Prix,2024,1,AllClear
22,Italian Grand Prix,2024,1,AllClear
23,Italian Grand Prix,2024,1,AllClear
24,Italian Grand Prix,2024,1,AllClear
25,Italian Grand Prix,2024,1,AllClear
26,Italian Grand Prix,2024,1,AllClear
27,Italian Grand Prix,2024,1,AllClear
28,Italian Grand Prix,2024,1,AllClear
29,Italian Grand Prix,2024,1,AllClear
30,Italian Grand Prix,2024,1,AllClear
31,Italian Grand Prix,2024,1,AllClear
32,Italian Grand Prix,2024,1,AllClear
33,Italian Grand Prix,2024,1,AllClear
34,Italian Grand Prix,2024,1,AllClear
35,Italian Grand Prix,2024,1,AllClear
36,Italian Grand Prix,2024,1,AllClear
37,Italian Grand Prix,2024,1,AllClear
38,Italian Grand Prix,2024,1,AllClear
39,Italian Grand Prix,2024,1,AllClear
40,Italian Grand Prix,2024,1,AllClear
41,Italian Grand Prix,2024,1,AllClear
42,Italian Grand Prix,2024,1,AllClear
43,Italian Grand Prix,2024,1,AllClear
44,Italian Grand Prix,2024,1,AllClear
45,Italian Grand Prix,2024,1,AllClear
46,Italian Grand Prix,2024,1,AllClear
47,Italian Grand Prix,2024,1,AllClear
48,Italian Grand Prix,2024,1,AllClear
49,Italian Grand Prix,2024,1,AllClear
50,Italian Grand Prix,2024,1,AllClear
51,Italian Grand Prix,2024,1,AllClear
52,Italian Grand Prix,2024,1,AllClear
53,Italian Grand Prix,2024,1,AllClear
1,Azerbaijan Grand Prix,2024,1,AllClear
2,Azerbaijan Grand Prix,2024,1,AllClear
3,Azerbaijan Grand Prix,2024,1,AllClear
4,Azerbaijan Grand Prix,2024,1,AllClear
5,Azerbaijan Grand Prix,2024,1,AllClear
6,Azerbaijan Grand Prix,2024,1,AllClear
7,Azerbaijan Grand Prix,2024,1,AllClear
8,Azerbaijan Grand Prix,2024,1,AllClear
9,Azerbaijan Grand Prix,2024,1,AllClear
10,Azerbaijan Grand Prix,2024,1,AllClear
11,Azerbaijan Grand Prix,2024,1,AllClear
12,Azerbaijan Grand Prix,2024,1,AllClear
13,Azerbaijan Grand Prix,2024,1,AllClear
14,Azerbaijan Grand Prix,2024,1,AllClear
15,Azerbaijan Grand Prix,2024,1,AllClear
16,Azerbaijan Grand Prix,2024,1,AllClear
17,Azerbaijan Grand Prix,2024,1,AllClear
18,Azerbaijan Grand Prix,2024,1,AllClear
19,Azerbaijan Grand Prix,2024,1,AllClear
20,Azerbaijan Grand Prix,2024,1,AllClear
21,Azerbaijan Grand Prix,2024,1,AllClear
22,Azerbaijan Grand Prix,2024,1,AllClear
23,Azerbaijan Grand Prix,2024,1,AllClear
24,Azerbaijan Grand Prix,2024,1,AllClear
25,Azerbaijan Grand Prix,2024,1,AllClear
26,Azerbaijan Grand Prix,2024,1,AllClear
27,Azerbaijan Grand Prix,2024,1,AllClear
28,Azerbaijan Grand Prix,2024,1,AllClear
29,Azerbaijan Grand Prix,2024,1,AllClear
30,Azerbaijan Grand Prix,2024,1,AllClear
31,Azerbaijan Grand Prix,2024,1,AllClear
32,Azerbaijan Grand Prix,2024,1,AllClear
33,Azerbaijan Grand Prix,2024,1,AllClear
34,Azerbaijan Grand Prix,2024,1,AllClear
35,Azerbaijan Grand Prix,2024,2,Yellow
36,Azerbaijan Grand Prix,2024,2,Yellow
37,Azerbaijan Grand Prix,2024,1,AllClear
38,Azerbaijan Grand Prix,2024,1,AllClear
39,Azerbaijan Grand Prix,2024,1,AllClear
40,Azerbaijan Grand Prix,2024,1,AllClear
41,Azerbaijan Grand Prix,2024,1,AllClear
42,Azerbaijan Grand Prix,2024,1,AllClear
43,Azerbaijan Grand Prix,2024,1,AllClear
44,Azerbaijan Grand Prix,2024,1,AllClear
45,Azerbaijan Grand Prix,2024,1,AllClear
46,Azerbaijan Grand Prix,2024,1,AllClear
47,Azerbaijan Grand Prix,2024,1,AllClear
48,Azerbaijan Grand Prix,2024,1,AllClear
49,Azerbaijan Grand Prix,2024,6,VSC
50,Azerbaijan Grand Prix,2024,6,VSC
51,Azerbaijan Grand Prix,2024,6,VSC
1,Singapore Grand Prix,2024,1,AllClear
2,Singapore Grand Prix,2024,1,AllClear
3,Singapore Grand Prix,2024,1,AllClear
4,Singapore Grand Prix,2024,1,AllClear
5,Singapore Grand Prix,2024,1,AllClear
6,Singapore Grand Prix,2024,1,AllClear
7,Singapore Grand Prix,2024,1,AllClear
8,Singapore Grand Prix,2024,1,AllClear
9,Singapore Grand Prix,2024,1,AllClear
10,Singapore Grand Prix,2024,1,AllClear
11,Singapore Grand Prix,2024,1,AllClear
12,Singapore Grand Prix,2024,1,AllClear
13,Singapore Grand Prix,2024,1,AllClear
14,Singapore Grand Prix,2024,1,AllClear
15,Singapore Grand Prix,2024,1,AllClear
16,Singapore Grand Prix,2024,1,AllClear
17,Singapore Grand Prix,2024,1,AllClear
18,Singapore Grand Prix,2024,1,AllClear
19,Singapore Grand Prix,2024,1,AllClear
20,Singapore Grand Prix,2024,1,AllClear
21,Singapore Grand Prix,2024,1,AllClear
22,Singapore Grand Prix,2024,1,AllClear
23,Singapore Grand Prix,2024,1,AllClear
24,Singapore Grand Prix,2024,1,AllClear
25,Singapore Grand Prix,2024,1,AllClear
26,Singapore Grand Prix,2024,1,AllClear
27,Singapore Grand Prix,2024,1,AllClear
28,Singapore Grand Prix,2024,1,AllClear
29,Singapore Grand Prix,2024,1,AllClear
30,Singapore Grand Prix,2024,1,AllClear
31,Singapore Grand Prix,2024,1,AllClear
32,Singapore Grand Prix,2024,1,AllClear
33,Singapore Grand Prix,2024,1,AllClear
34,Singapore Grand Prix,2024,1,AllClear
35,Singapore Grand Prix,2024,1,AllClear
36,Singapore Grand Prix,2024,1,AllClear
37,Singapore Grand Prix,2024,1,AllClear
38,Singapore Grand Prix,2024,1,AllClear
39,Singapore Grand Prix,2024,1,AllClear
40,Singapore Grand Prix,2024,1,AllClear
41,Singapore Grand Prix,2024,1,AllClear
42,Singapore Grand Prix,2024,1,AllClear
43,Singapore Grand Prix,2024,1,AllClear
44,Singapore Grand Prix,2024,1,AllClear
45,Singapore Grand Prix,2024,1,AllClear
46,Singapore Grand Prix,2024,1,AllClear
47,Singapore Grand Prix,2024,1,AllClear
48,Singapore Grand Prix,2024,1,AllClear
49,Singapore Grand Prix,2024,1,AllClear
50,Singapore Grand Prix,2024,1,AllClear
51,Singapore Grand Prix,2024,1,AllClear
52,Singapore Grand Prix,2024,1,AllClear
53,Singapore Grand Prix,2024,1,AllClear
54,Singapore Grand Prix,2024,1,AllClear
55,Singapore Grand Prix,2024,1,AllClear
56,Singapore Grand Prix,2024,1,AllClear
57,Singapore Grand Prix,2024,1,AllClear
58,Singapore Grand Prix,2024,1,AllClear
59,Singapore Grand Prix,2024,1,AllClear
60,Singapore Grand Prix,2024,1,AllClear
61,Singapore Grand Prix,2024,1,AllClear
62,Singapore Grand Prix,2024,1,AllClear
1,United States Grand Prix,2024,2,Yellow
2,United States Grand Prix,2024,4,SafetyCar
3,United States Grand Prix,2024,4,SafetyCar
4,United States Grand Prix,2024,4,SafetyCar
5,United States Grand Prix,2024,4,SafetyCar
6,United States Grand Prix,2024,1,AllClear
7,United States Grand Prix,2024,1,AllClear
8,United States Grand Prix,2024,1,AllClear
9,United States Grand Prix,2024,1,AllClear
10,United States Grand Prix,2024,2,Yellow
11,United States Grand Prix,2024,1,AllClear
12,United States Grand Prix,2024,1,AllClear
13,United States Grand Prix,2024,1,AllClear
14,United States Grand Prix,2024,1,AllClear
15,United States Grand Prix,2024,1,AllClear
16,United States Grand Prix,2024,1,AllClear
17,United States Grand Prix,2024,1,AllClear
18,United States Grand Prix,2024,1,AllClear
19,United States Grand Prix,2024,1,AllClear
20,United States Grand Prix,2024,1,AllClear
21,United States Grand Prix,2024,1,AllClear
22,United States Grand Prix,2024,1,AllClear
23,United States Grand Prix,2024,1,AllClear
24,United States Grand Prix,2024,1,AllClear
25,United States Grand Prix,2024,1,AllClear
26,United States Grand Prix,2024,1,AllClear
27,United States Grand Prix,2024,1,AllClear
28,United States Grand Prix,2024,1,AllClear
29,United States Grand Prix,2024,1,AllClear
30,United States Grand Prix,2024,1,AllClear
31,United States Grand Prix,2024,1,AllClear
32,United States Grand Prix,2024,1,AllClear
33,United States Grand Prix,2024,1,AllClear
34,United States Grand Prix,2024,1,AllClear
35,United States Grand Prix,2024,1,AllClear
36,United States Grand Prix,2024,1,AllClear
37,United States Grand Prix,2024,1,AllClear
38,United States Grand Prix,2024,1,AllClear
39,United States Grand Prix,2024,1,AllClear
40,United States Grand Prix,2024,2,Yellow
41,United States Grand Prix,2024,2,Yellow
42,United States Grand Prix,2024,1,AllClear
43,United States Grand Prix,2024,1,AllClear
44,United States Grand Prix,2024,1,AllClear
45,United States Grand Prix,2024,1,AllClear
46,United States Grand Prix,2024,1,AllClear
47,United States Grand Prix,2024,1,AllClear
48,United States Grand Prix,2024,1,AllClear
49,United States Grand Prix,2024,1,AllClear
50,United States Grand Prix,2024,1,AllClear
51,United States Grand Prix,2024,1,AllClear
52,United States Grand Prix,2024,1,AllClear
53,United States Grand Prix,2024,1,AllClear
54,United States Grand Prix,2024,1,AllClear
55,United States Grand Prix,2024,1,AllClear
56,United States Grand Prix,2024,1,AllClear
1,Mexico City Grand Prix,2024,4,SafetyCar
2,Mexico City Grand Prix,2024,4,SafetyCar
3,Mexico City Grand Prix,2024,4,SafetyCar
4,Mexico City Grand Prix,2024,4,SafetyCar
5,Mexico City Grand Prix,2024,4,SafetyCar
6,Mexico City Grand Prix,2024,4,SafetyCar
7,Mexico City Grand Prix,2024,1,AllClear
8,Mexico City Grand Prix,2024,1,AllClear
9,Mexico City Grand Prix,2024,1,AllClear
10,Mexico City Grand Prix,2024,1,AllClear
11,Mexico City Grand Prix,2024,1,AllClear
12,Mexico City Grand Prix,2024,1,AllClear
13,Mexico City Grand Prix,2024,1,AllClear
14,Mexico City Grand Prix,2024,1,AllClear
15,Mexico City Grand Prix,2024,1,AllClear
16,Mexico City Grand Prix,2024,1,AllClear
17,Mexico City Grand Prix,2024,1,AllClear
18,Mexico City Grand Prix,2024,1,AllClear
19,Mexico City Grand Prix,2024,1,AllClear
20,Mexico City Grand Prix,2024,1,AllClear
21,Mexico City Grand Prix,2024,1,AllClear
22,Mexico City Grand Prix,2024,1,AllClear
23,Mexico City Grand Prix,2024,1,AllClear
24,Mexico City Grand Prix,2024,1,AllClear
25,Mexico City Grand Prix,2024,1,AllClear
26,Mexico City Grand Prix,2024,1,AllClear
27,Mexico City Grand Prix,2024,1,AllClear
28,Mexico City Grand Prix,2024,1,AllClear
29,Mexico City Grand Prix,2024,1,AllClear
30,Mexico City Grand Prix,2024,1,AllClear
31,Mexico City Grand Prix,2024,1,AllClear
32,Mexico City Grand Prix,2024,1,AllClear
33,Mexico City Grand Prix,2024,1,AllClear
34,Mexico City Grand Prix,2024,1,AllClear
35,Mexico City Grand Prix,2024,1,AllClear
36,Mexico City Grand Prix,2024,1,AllClear
37,Mexico City Grand Prix,2024,1,AllClear
38,Mexico City Grand Prix,2024,1,AllClear
39,Mexico City Grand Prix,2024,1,AllClear
40,Mexico City Grand Prix,2024,1,AllClear
41,Mexico City Grand Prix,2024,1,AllClear
42,Mexico City Grand Prix,2024,1,AllClear
43,Mexico City Grand Prix,2024,1,AllClear
44,Mexico City Grand Prix,2024,1,AllClear
45,Mexico City Grand Prix,2024,1,AllClear
46,Mexico City Grand Prix,2024,1,AllClear
47,Mexico City Grand Prix,2024,1,AllClear
48,Mexico City Grand Prix,2024,1,AllClear
49,Mexico City Grand Prix,2024,1,AllClear
50,Mexico City Grand Prix,2024,1,AllClear
51,Mexico City Grand Prix,2024,1,AllClear
52,Mexico City Grand Prix,2024,1,AllClear
53,Mexico City Grand Prix,2024,1,AllClear
54,Mexico City Grand Prix,2024,1,AllClear
55,Mexico City Grand Prix,2024,1,AllClear
56,Mexico City Grand Prix,2024,1,AllClear
57,Mexico City Grand Prix,2024,1,AllClear
58,Mexico City Grand Prix,2024,1,AllClear
59,Mexico City Grand Prix,2024,1,AllClear
60,Mexico City Grand Prix,2024,1,AllClear
61,Mexico City Grand Prix,2024,1,AllClear
62,Mexico City Grand Prix,2024,1,AllClear
63,Mexico City Grand Prix,2024,1,AllClear
64,Mexico City Grand Prix,2024,1,AllClear
65,Mexico City Grand Prix,2024,1,AllClear
66,Mexico City Grand Prix,2024,1,AllClear
67,Mexico City Grand Prix,2024,1,AllClear
68,Mexico City Grand Prix,2024,1,AllClear
69,Mexico City Grand Prix,2024,1,AllClear
70,Mexico City Grand Prix,2024,1,AllClear
71,Mexico City Grand Prix,2024,1,AllClear
1,Las Vegas Grand Prix,2024,1,AllClear
2,Las Vegas Grand Prix,2024,1,AllClear
3,Las Vegas Grand Prix,2024,1,AllClear
4,Las Vegas Grand Prix,2024,1,AllClear
5,Las Vegas Grand Prix,2024,1,AllClear
6,Las Vegas Grand Prix,2024,1,AllClear
7,Las Vegas Grand Prix,2024,1,AllClear
8,Las Vegas Grand Prix,2024,1,AllClear
9,Las Vegas Grand Prix,2024,1,AllClear
10,Las Vegas Grand Prix,2024,1,AllClear
11,Las Vegas Grand Prix,2024,1,AllClear
12,Las Vegas Grand Prix,2024,1,AllClear
13,Las Vegas Grand Prix,2024,1,AllClear
14,Las Vegas Grand Prix,2024,1,AllClear
15,Las Vegas Grand Prix,2024,1,AllClear
16,Las Vegas Grand Prix,2024,1,AllClear
17,Las Vegas Grand Prix,2024,1,AllClear
18,Las Vegas Grand Prix,2024,1,AllClear
19,Las Vegas Grand Prix,2024,1,AllClear
20,Las Vegas Grand Prix,2024,1,AllClear
21,Las Vegas Grand Prix,2024,1,AllClear
22,Las Vegas Grand Prix,2024,1,AllClear
23,Las Vegas Grand Prix,2024,1,AllClear
24,Las Vegas Grand Prix,2024,1,AllClear
25,Las Vegas Grand Prix,2024,1,AllClear
26,Las Vegas Grand Prix,2024,1,AllClear
27,Las Vegas Grand Prix,2024,1,AllClear
28,Las Vegas Grand Prix,2024,1,AllClear
29,Las Vegas Grand Prix,2024,1,AllClear
30,Las Vegas Grand Prix,2024,1,AllClear
31,Las Vegas Grand Prix,2024,1,AllClear
32,Las Vegas Grand Prix,2024,1,AllClear
33,Las Vegas Grand Prix,2024,1,AllClear
34,Las Vegas Grand Prix,2024,1,AllClear
35,Las Vegas Grand Prix,2024,1,AllClear
36,Las Vegas Grand Prix,2024,1,AllClear
37,Las Vegas Grand Prix,2024,1,AllClear
38,Las Vegas Grand Prix,2024,1,AllClear
39,Las Vegas Grand Prix,2024,1,AllClear
40,Las Vegas Grand Prix,2024,1,AllClear
41,Las Vegas Grand Prix,2024,1,AllClear
42,Las Vegas Grand Prix,2024,1,AllClear
43,Las Vegas Grand Prix,2024,1,AllClear
44,Las Vegas Grand Prix,2024,1,AllClear
45,Las Vegas Grand Prix,2024,1,AllClear
46,Las Vegas Grand Prix,2024,1,AllClear
47,Las Vegas Grand Prix,2024,1,AllClear
48,Las Vegas Grand Prix,2024,1,AllClear
49,Las Vegas Grand Prix,2024,1,AllClear
50,Las Vegas Grand Prix,2024,1,AllClear
1,Qatar Grand Prix,2024,4,SafetyCar
2,Qatar Grand Prix,2024,4,SafetyCar
3,Qatar Grand Prix,2024,4,SafetyCar
4,Qatar Grand Prix,2024,4,SafetyCar
5,Qatar Grand Prix,2024,2,Yellow
6,Qatar Grand Prix,2024,1,AllClear
7,Qatar Grand Prix,2024,1,AllClear
8,Qatar Grand Prix,2024,1,AllClear
9,Qatar Grand Prix,2024,1,AllClear
10,Qatar Grand Prix,2024,1,AllClear
11,Qatar Grand Prix,2024,1,AllClear
12,Qatar Grand Prix,2024,1,AllClear
13,Qatar Grand Prix,2024,1,AllClear
14,Qatar Grand Prix,2024,1,AllClear
15,Qatar Grand Prix,2024,1,AllClear
16,Qatar Grand Prix,2024,1,AllClear
17,Qatar Grand Prix,2024,1,AllClear
18,Qatar Grand Prix,2024,1,AllClear
19,Qatar Grand Prix,2024,1,AllClear
20,Qatar Grand Prix,2024,1,AllClear
21,Qatar Grand Prix,2024,1,AllClear
22,Qatar Grand Prix,2024,1,AllClear
23,Qatar Grand Prix,2024,1,AllClear
24,Qatar Grand Prix,2024,1,AllClear
25,Qatar Grand Prix,2024,1,AllClear
26,Qatar Grand Prix,2024,1,AllClear
27,Qatar Grand Prix,2024,1,AllClear
28,Qatar Grand Prix,2024,1,AllClear
29,Qatar Grand Prix,2024,2,Yellow
30,Qatar Grand Prix,2024,2,Yellow
31,Qatar Grand Prix,2024,1,AllClear
32,Qatar Grand Prix,2024,1,AllClear
33,Qatar Grand Prix,2024,1,AllClear
34,Qatar Grand Prix,2024,4,SafetyCar
35,Qatar Grand Prix,2024,4,SafetyCar
36,Qatar Grand Prix,2024,4,SafetyCar
37,Qatar Grand Prix,2024,4,SafetyCar
38,Qatar Grand Prix,2024,4,SafetyCar
39,Qatar Grand Prix,2024,4,SafetyCar
40,Qatar Grand Prix,2024,4,SafetyCar
41,Qatar Grand Prix,2024,4,SafetyCar
42,Qatar Grand Prix,2024,4,SafetyCar
43,Qatar Grand Prix,2024,1,AllClear
44,Qatar Grand Prix,2024,1,AllClear
45,Qatar Grand Prix,2024,1,AllClear
46,Qatar Grand Prix,2024,1,AllClear
47,Qatar Grand Prix,2024,1,AllClear
48,Qatar Grand Prix,2024,1,AllClear
49,Qatar Grand Prix,2024,1,AllClear
50,Qatar Grand Prix,2024,1,AllClear
51,Qatar Grand Prix,2024,1,AllClear
52,Qatar Grand Prix,2024,1,AllClear
53,Qatar Grand Prix,2024,1,AllClear
54,Qatar Grand Prix,2024,1,AllClear
55,Qatar Grand Prix,2024,1,AllClear
56,Qatar Grand Prix,2024,1,AllClear
57,Qatar Grand Prix,2024,1,AllClear
1,Abu Dhabi Grand Prix,2024,2,Yellow
2,Abu Dhabi Grand Prix,2024,6,VSC
3,Abu Dhabi Grand Prix,2024,6,VSC
4,Abu Dhabi Grand Prix,2024,1,AllClear
5,Abu Dhabi Grand Prix,2024,1,AllClear
6,Abu Dhabi Grand Prix,2024,1,AllClear
7,Abu Dhabi Grand Prix,2024,1,AllClear
8,Abu Dhabi Grand Prix,2024,1,AllClear
9,Abu Dhabi Grand Prix,2024,1,AllClear
10,Abu Dhabi Grand Prix,2024,1,AllClear
11,Abu Dhabi Grand Prix,2024,1,AllClear
12,Abu Dhabi Grand Prix,2024,1,AllClear
13,Abu Dhabi Grand Prix,2024,1,AllClear
14,Abu Dhabi Grand Prix,2024,1,AllClear
15,Abu Dhabi Grand Prix,2024,1,AllClear
16,Abu Dhabi Grand Prix,2024,1,AllClear
17,Abu Dhabi Grand Prix,2024,1,AllClear
18,Abu Dhabi Grand Prix,2024,1,AllClear
19,Abu Dhabi Grand Prix,2024,1,AllClear
20,Abu Dhabi Grand Prix,2024,1,AllClear
21,Abu Dhabi Grand Prix,2024,1,AllClear
22,Abu Dhabi Grand Prix,2024,1,AllClear
23,Abu Dhabi Grand Prix,2024,1,AllClear
24,Abu Dhabi Grand Prix,2024,1,AllClear
25,Abu Dhabi Grand Prix,2024,1,AllClear
26,Abu Dhabi Grand Prix,2024,1,AllClear
27,Abu Dhabi Grand Prix,2024,1,AllClear
28,Abu Dhabi Grand Prix,2024,1,AllClear
29,Abu Dhabi Grand Prix,2024,1,AllClear
30,Abu Dhabi Grand Prix,2024,2,Yellow
31,Abu Dhabi Grand Prix,2024,2,Yellow
32,Abu Dhabi Grand Prix,2024,1,AllClear
33,Abu Dhabi Grand Prix,2024,1,AllClear
34,Abu Dhabi Grand Prix,2024,1,AllClear
35,Abu Dhabi Grand Prix,2024,1,AllClear
36,Abu Dhabi Grand Prix,2024,1,AllClear
37,Abu Dhabi Grand Prix,2024,1,AllClear
38,Abu Dhabi Grand Prix,2024,1,AllClear
39,Abu Dhabi Grand Prix,2024,1,AllClear
40,Abu Dhabi Grand Prix,2024,1,AllClear
41,Abu Dhabi Grand Prix,2024,1,AllClear
42,Abu Dhabi Grand Prix,2024,1,AllClear
43,Abu Dhabi Grand Prix,2024,1,AllClear
44,Abu Dhabi Grand Prix,2024,1,AllClear
45,Abu Dhabi Grand Prix,2024,1,AllClear
46,Abu Dhabi Grand Prix,2024,1,AllClear
47,Abu Dhabi Grand Prix,2024,1,AllClear
48,Abu Dhabi Grand Prix,2024,1,AllClear
49,Abu Dhabi Grand Prix,2024,1,AllClear
50,Abu Dhabi Grand Prix,2024,1,AllClear
51,Abu Dhabi Grand Prix,2024,1,AllClear
52,Abu Dhabi Grand Prix,2024,1,AllClear
53,Abu Dhabi Grand Prix,2024,1,AllClear
54,Abu Dhabi Grand Prix,2024,1,AllClear
55,Abu Dhabi Grand Prix,2024,1,AllClear
56,Abu Dhabi Grand Prix,2024,2,Yellow
57,Abu Dhabi Grand Prix,2024,2,Yellow
58,Abu Dhabi Grand Prix,2024,2,Yellow
